radius_mean,texture_mean,perimeter_mean,area_mean,smoothness_mean,compactness_mean,concavity_mean,concave points_mean,symmetry_mean,fractal_dimension_mean,radius_se,texture_se,perimeter_se,area_se,smoothness_se,compactness_se,concavity_se,concave points_se,symmetry_se,fractal_dimension_se,radius_worst,texture_worst,perimeter_worst,area_worst,smoothness_worst,compactness_worst,concavity_worst,concave points_worst,symmetry_worst,fractal_dimension_worst
0.36722040797008854,0.5312817044301656,0.3518070624006634,0.22273594909862143,0.2719147783695947,0.16183056254217532,0.0961808809746954,0.15044731610337972,0.3939393939393939,0.14406065711878702,0.06938258193011043,0.22648514851485146,0.0669085426188569,0.0384909917481948,0.10408947207397082,0.07110884128939227,0.049166666666666664,0.24038643682515626,0.1522204086227275,0.059809571189696396,0.30522945570971194,0.5402452025586354,0.28382887594003686,0.15758946126622098,0.2300072640824143,0.10702331402625376,0.1286741214057508,0.3762886597938145,0.22807017543859653,0.09523809523809523
0.1712811775285153,0.31247886371322275,0.1761453942367494,0.08606574761399786,0.3994763925250519,0.29237470093859275,0.14964854732895969,0.1313121272365805,0.4353535353535355,0.31486941870261176,0.12275936990765887,0.1849363507779349,0.12594826367620038,0.037911983234901886,0.19570316483665906,0.2520353291074594,0.08469696969696969,0.2585716991854518,0.38214104801035625,0.08371681660517116,0.1405193881181075,0.29104477611940305,0.13880173315404154,0.05888714117184428,0.33104404675427596,0.21752966401800702,0.15303514376996805,0.2723711340206186,0.2710427754780209,0.13662600026236393
0.27966302238629376,0.11531958065607023,0.2632851910717988,0.15796394485683984,0.1527489392434775,0.05493528004416907,0.05295220243673851,0.05820079522862823,0.13989898989899008,0.12320977253580456,0.015100488864747415,0.024045261669024043,0.01686849173066956,0.010978748519792752,0.10259373831457999,0.08410190164328418,0.041717171717171715,0.11185830649744269,0.1169021219114088,0.040980888022884625,0.20241906794734965,0.093816631130064,0.18422232182877635,0.09629374754227289,0.1650267450307072,0.08480561942738502,0.09472843450479233,0.18439862542955326,0.1466587817859255,0.09254886527613804
0.20299114960480852,0.10990869124112274,0.2029576394167646,0.10299045599151645,0.6415997111131173,0.2813324335930312,0.18509840674789127,0.275844930417495,0.48383838383838396,0.40395956192080873,0.052399058482708656,0.1382602545968883,0.04956886396833624,0.01725445369612886,0.1673182173573104,0.11654700033045937,0.05305555555555556,0.22049630611858304,0.18570946136095007,0.09763967773585949,0.17467093561010316,0.22681236673773997,0.17192091239603569,0.07149528116397956,0.5932113847982565,0.20918590098087728,0.17947284345047926,0.45292096219931277,0.3504829489453972,0.24340810704447063
0.30096076482559514,0.20798106188704757,0.2950729044295487,0.15970307529162248,0.49805904125665806,0.411385804551868,0.2738987816307404,0.34726640159045724,0.44545454545454555,0.40143218197135644,0.06319029512945862,0.14493458274398868,0.03665834236441596,0.011501723951154097,0.1727232552605636,0.25158470273680417,0.1005050505050505,0.2619814358780072,0.18936792930714247,0.12811105122783745,0.27036641764496616,0.2977078891257997,0.23034015638228994,0.10560853322847029,0.5443439212837613,0.4383483230006501,0.3880191693290735,0.5869415807560138,0.38675340035481975,0.3053915781188508
0.42827393629608607,0.19614474129184978,0.42851219680740793,0.27558854718981973,0.3816917938069874,0.36108214219986506,0.282099343955014,0.3499502982107356,0.36464646464646466,0.20640269587194626,0.08169473112438891,0.08561704384724188,0.08820619139612684,0.04943612041882862,0.1402590338919672,0.2268002523507676,0.0938131313131313,0.27637810191324114,0.09551415545674567,0.0769108522311126,0.3852721451440769,0.26545842217484017,0.367996414164052,0.21745969327565867,0.4776464372977612,0.407980906365515,0.39584664536741215,0.6807560137457045,0.28661541494184906,0.23743932834841924
0.5513275592787164,0.5207981061887047,0.5598092737198536,0.40063626723223755,0.48542024013722124,0.5193546408195816,0.5433458294283036,0.6182902584493042,0.5671717171717172,0.25294860994102786,0.2604381676625022,0.24438649222065062,0.22697073929227726,0.1834112193172182,0.1541625590644865,0.2364887193198546,0.1312121212121212,0.2193597272210646,0.1714977204930489,0.12662548539999724,0.5414443258626822,0.5860874200426439,0.5482842771054335,0.3649233189146677,0.5146272204979199,0.3865393757701002,0.4898562300319489,0.6350515463917525,0.3703922728168737,0.28059818968909883
0.15660939940366314,0.6053432532972606,0.15119894962338476,0.0754612937433722,0.3400740272636997,0.17544935893503463,0.1405576382380506,0.13608349900596423,0.2691919191919192,0.2382055602358888,0.039254028607640774,0.4152227722772277,0.03204071054987514,0.014303378047732717,0.35139545160961344,0.18857211524018389,0.1213131313131313,0.3260087137715476,0.14842123037091232,0.13968464546798778,0.10352187833511206,0.6100746268656716,0.09542307883858753,0.042371215100275264,0.4439675097404741,0.13942816117045534,0.15974440894568692,0.3136426116838488,0.1302976542479795,0.18227731864095503
0.32367835676085005,0.4998309097057827,0.3354294796489531,0.19189819724284196,0.573891847973278,0.45616833323109013,0.31794751640112456,0.33593439363817096,0.6136363636363638,0.471988205560236,0.13166757197175447,0.2580887553041018,0.10446214013098998,0.06023182753764488,0.2708297922969711,0.27268903776248987,0.08777777777777777,0.3061185830649744,0.2315810209939776,0.21074996890676176,0.28744219139096416,0.5575692963752665,0.2768564171522487,0.1481517892253244,0.7147196724559202,0.3583064101444635,0.27004792332268374,0.522680412371134,0.41119653065247386,0.41492850583759683
0.15518954990770978,0.08488332769699014,0.15175177942091084,0.07554612937433723,0.42728175498781257,0.1718912950125759,0.04505623242736644,0.0978131212723658,0.3737373737373737,0.3312973883740524,0.028824913996016645,0.0414382956152758,0.027847146963200307,0.009484533001617489,0.13492198388686813,0.08560398954546822,0.021454545454545452,0.1312559196817579,0.16178870940507684,0.050999820350178963,0.12273212379935972,0.0967484008528785,0.11365107824094828,0.051440228077074324,0.4168922934689295,0.13360693114455086,0.06880990415335464,0.2301030927835052,0.2704514094224325,0.1454807818444182
0.6308391310521084,0.5867433209333783,0.6157832907193699,0.4854718981972428,0.4276428635912251,0.2742776516778112,0.355904404873477,0.46386679920477136,0.38080808080808093,0.12131423757371529,0.10363932645301466,0.14869165487977365,0.08622720633275222,0.08505448283333146,0.11319985042662403,0.10160122570372818,0.05345959595959596,0.15504830460314453,0.06948274891653065,0.03445130798888935,0.5834222696549269,0.7233475479744137,0.557248866975447,0.4076877703499803,0.5350987254837218,0.2592484792036557,0.302555910543131,0.5831615120274914,0.3126355213877391,0.16364948183130007
0.2460599176487292,0.3655732160973959,0.23101375164121352,0.13370095440084834,0.2482621648460775,0.0644132261824428,0.05583411433926897,0.08797216699801193,0.342929292929293,0.143428812131424,0.02929567264168024,0.26759193776520507,0.020072562785657076,0.014714287315230912,0.11445762654247543,0.02888515035899901,0.026994949494949492,0.1287554461072173,0.09269994934428998,0.02201401268604121,0.19245819992885094,0.554904051172708,0.17017779769908858,0.08911718442784113,0.27161064518259254,0.059502672914786905,0.09145367412140576,0.25536082474226807,0.22255075891977127,0.09012199921290825
0.12717118652089543,0.28373351369631383,0.119342132540944,0.060572640509013786,0.275164755800307,0.10704864732225017,0.034653233364573564,0.028672962226640158,0.31313131313131326,0.2982308340353834,0.08332428028245517,0.2103518387553041,0.07152617443339773,0.026481234520861117,0.3150219260971547,0.0774927148736744,0.026035353535353533,0.07452168971396098,0.2680249901502786,0.07200503019498916,0.11454998221273571,0.33582089552238814,0.10309278350515466,0.04792567833267794,0.44660899425477124,0.09528383347401306,0.05119009584664536,0.08591065292096221,0.2941060516459689,0.15551620097074642
0.2758767570637513,0.11329049712546496,0.25913896759035315,0.1549522799575822,0.3138033763654419,0.05631556346236428,0.02153936269915651,0.06610337972166998,0.20505050505050515,0.23946925021061527,0.06424044903132353,0.13916637199434229,0.04810818451679782,0.027994127733013567,0.23187272665465547,0.03088292726890378,0.015606060606060604,0.14032960788028034,0.03894861259638656,0.08485690200793222,0.2027748132337247,0.11007462686567165,0.18073609243488226,0.09474537947306332,0.29736511919698866,0.026350767917260917,0.022028753993610227,0.13711340206185568,0.04297260003942438,0.11904761904761907
0.07747645416252547,0.07034156239431849,0.07290442954875276,0.03435843054082714,0.40525413017965156,0.10226366480584015,0.0482895970009372,0.038762425447316104,0.31464646464646473,0.46145745577085107,0.016078218359587178,0.048488330975954744,0.013617301983696935,0.0028390094845330005,0.28544719040010874,0.062321627061615655,0.05002525252525253,0.10877060049251751,0.1831766758597399,0.06540635407597806,0.056101031661330514,0.0900852878464819,0.04726330992579314,0.02204581203303184,0.6744370336128904,0.09373150546710521,0.09329073482428116,0.15185567010309278,0.3262369406662725,0.23101141282959475
0.33314402006720617,0.20121745011836312,0.3164950590836847,0.19639448568398726,0.24401913875598086,0.11174161094411386,0.048898781630740386,0.13180914512922465,0.2671717171717173,0.12426284751474315,0.037189933007423494,0.06512995049504951,0.04000376949535881,0.02324999346280711,0.1061970969167488,0.052467930423288366,0.023265151515151516,0.20382648228831218,0.05386390499240164,0.04177549300056659,0.24831020988971897,0.19429637526652455,0.22969271378056677,0.12379571372394808,0.21283761473948365,0.07219295437125865,0.05,0.28233676975945016,0.11255667258032725,0.07910271546635189
0.16607506271001943,0.3239770037199864,0.1632229977195771,0.0816967126193001,0.4266498149318409,0.20366848659591433,0.07017338331771321,0.05969184890656064,0.5843434343434344,0.3127632687447348,0.08817671555314138,0.25941478076379065,0.07279837911699572,0.030496938725957136,0.1999524084712921,0.14974314296872657,0.07272727272727272,0.16317484372040159,0.2704170653458659,0.0883117062587234,0.1284240483813589,0.30090618336887,0.11858160266945567,0.053480141565080616,0.3350062735257214,0.11769556907374529,0.06379392971246006,0.11006872852233679,0.24857086536566142,0.134330316148498
0.8632211652231532,0.5140344944200202,0.8825236680257067,0.7357370095440084,0.4845174686286902,0.7579903073431078,0.7823336457357074,0.9169980119284294,0.3883838383838385,0.37615838247683264,0.28455549520188295,0.24615452616690237,0.312161334401357,0.21142776028300442,0.2193629533942958,0.4106558115780936,0.14469696969696969,0.3845425269937488,0.03894861259638656,0.17267802606304328,0.7851298470295268,0.5756929637526652,0.8032770556302604,0.5841525756979945,0.5687776530410089,0.5630196660554375,0.5172523961661342,0.9852233676975946,0.15572639463828108,0.3283484192575102
0.42780065313076815,0.45755833615150476,0.40709004215327216,0.2775397667020148,0.26568565496072943,0.145113796699589,0.07729615745079661,0.16515904572564613,0.23636363636363633,0.1476411120471779,0.09704870541372443,0.18272630834512021,0.08052584460255385,0.06295877085831474,0.07872998606248086,0.0527007540481269,0.0278030303030303,0.14379617351771168,0.09452918331738618,0.07418155687298758,0.4005691924582,0.5826226012793179,0.36550625031127043,0.23712151002752652,0.30991217063989956,0.12400190160180846,0.1165335463258786,0.34278350515463923,0.27261975162625673,0.19336219336219335
0.23422783851578394,0.39972945552925254,0.226245594637551,0.1251749734888653,0.4066985645933015,0.1813078952211521,0.07797563261480786,0.09980119284294235,0.3171717171717172,0.25231676495366484,0.07253304363570523,0.12431488684582744,0.05856853413749235,0.03359743592617081,0.20702314987932147,0.17137320876017667,0.04633838383838384,0.14606933131274863,0.06891990769403951,0.10230366347442754,0.20419779437922447,0.3765991471215352,0.1849195677075552,0.097768383798663,0.5205705606550881,0.20627528596792502,0.1200479233226837,0.24903780068728526,0.17208752217622708,0.19919979010888106
0.29480808367646366,0.6205613797768007,0.2839472047543362,0.16750795334040297,0.30766453010742983,0.1514937733881357,0.06998594189315838,0.16277335984095428,0.28686868686868694,0.16533277169334482,0.0447582835415535,0.2733380480905233,0.0368468171323564,0.0206351163060004,0.11082027399122954,0.08612972031123262,0.03782828282828283,0.17270316347793144,0.1316767040018011,0.015484432652045937,0.22909996442547131,0.670309168443497,0.2095223865730365,0.10922139205662602,0.23793171762530546,0.10750841652841245,0.08482428115015975,0.27347079037800687,0.17898679282475854,0.061589925226288866
0.25741871361635665,0.18025025363544123,0.24061916937322925,0.1412513255567338,0.2404080527218561,0.044629163854978234,0.02467197750702905,0.055069582504970176,0.24545454545454548,0.15964616680707677,0.0013760637334781778,0.06946163366336634,0.0,0.004116563752572853,0.05275860896760376,0.020112957010244244,0.016396464646464645,0.07126349687440803,0.13111386277930998,0.016071749374680436,0.18747776591960152,0.22254797441364615,0.1665421584740276,0.0880357845064884,0.21481872812520636,0.0489662465678998,0.04986421725239617,0.13924398625429554,0.26335501675537165,0.08389085661812934
0.4883808982914479,0.24923909367602282,0.4782668785847558,0.3328525980911983,0.4348650356594746,0.2598613581988835,0.2966260543580131,0.4151590457256461,0.38030303030303025,0.1299494524010112,0.07162773854789062,0.1097507072135785,0.06766244169061869,0.05010851740200748,0.10347758099058366,0.09596839607053806,0.058888888888888886,0.2390604281113847,0.08524230314628244,0.05068888796760775,0.42404838135894707,0.3483475479744137,0.40086657702076806,0.2548171451042076,0.4650993858548504,0.20685740897051547,0.2698083067092652,0.6381443298969073,0.31007293514685597,0.17112685294503477
0.31799895877703627,0.26817720662833944,0.30384907746527545,0.18137857900318133,0.42312900604856923,0.18462057542482058,0.10656044985941891,0.15705765407554673,0.33939393939393936,0.22999157540016846,0.0476552598225602,0.129508486562942,0.03802478443198417,0.025846192925636634,0.05207872998606247,0.04456694805780035,0.04287878787878787,0.17490054934646712,0.069904879833399,0.021737628345977915,0.2500889363215938,0.306769722814499,0.2259574680013945,0.12320585922139206,0.32179885095423627,0.1041126990133015,0.1391373801916933,0.3119243986254296,0.18785728365858473,0.09550045913682276
0.4301670689573572,0.33615150490361845,0.4167645636099786,0.2859809119830329,0.35253227408143,0.1989448500092019,0.22888940955951262,0.3299204771371769,0.3727272727272727,0.0831929233361417,0.23027340213651995,0.14493458274398868,0.20129105216039206,0.1353161573259519,0.3095828942448244,0.14854147264697934,0.08838383838383838,0.3426785376018185,0.1071931108234367,0.036385998369332394,0.4212024190679473,0.33422174840085295,0.39040788883908567,0.25506291781360596,0.5205705606550881,0.17193002881508862,0.22595846645367412,0.5223367697594502,0.2138773901044747,0.057916830644103356
0.6223200340763879,0.626986810957051,0.6040356575219404,0.4740190880169671,0.4077818904035389,0.2577142506594688,0.33739456419868785,0.48663021868787276,0.3494949494949495,0.11310025273799496,0.23682781097229763,0.4647277227722772,0.2094897045658013,0.1722793137068125,0.1378794574565727,0.16506443957100372,0.09974747474747474,0.3178632316726653,0.15616029718016544,0.05538742174868371,0.56065457132693,0.6990938166311301,0.5208924747248369,0.37991545418796696,0.3000066037112857,0.15999650726198447,0.2567891373801917,0.5594501718213059,0.19850187265917607,0.07431457431457433
0.38425860192152966,0.2259046330740615,0.38552968004975474,0.22523860021208908,0.5630585898709037,0.4948162689405558,0.2666354264292408,0.424155069582505,0.47525252525252526,0.3098146588037072,0.11566177801919245,0.15642680339462517,0.09607501295764032,0.061707365361842965,0.2479178706190298,0.29739838375341726,0.0809090909090909,0.42773252509945064,0.22018348623853207,0.1412738554233517,0.2909996442547136,0.1681769722814499,0.2763583843816923,0.1419091624066064,0.4452882519976226,0.25323320817688777,0.15654952076677317,0.4890034364261169,0.2020500689927065,0.1492194674012856
0.11619101708552226,0.2911734866418667,0.11077327067928966,0.057306468716861084,0.43576780716800584,0.12324397276240723,0.06349578256794751,0.0698807157057654,0.22525252525252537,0.4134372367312553,0.14354517472388192,0.1959865629420085,0.11826791688262736,0.04422504379919238,0.1741510011218003,0.05054525790849281,0.05929292929292929,0.12436067437014585,0.16235155062756795,0.0628152508878847,0.1454998221273568,0.3464818763326226,0.12640071716718965,0.06252457727093984,0.4102885821831869,0.07529761038507436,0.09137380191693291,0.17360824742268044,0.17524147447269867,0.17263544536271808
0.2825027213782006,0.21339195130199518,0.2719231566581439,0.15703075291622481,0.4321567211338811,0.1841911539169376,0.1442127460168697,0.16749502982107356,0.33838383838383834,0.31044650379106997,0.03545174723881948,0.0891531117397454,0.02233426000094238,0.02029891781441097,0.23836557092837474,0.13352059362513896,0.058964646464646456,0.21443455199848455,0.25845668936792926,0.13236046045631056,0.20668801138384918,0.21082089552238814,0.1912445838936202,0.09835823830121902,0.5093442514693256,0.1741615003250187,0.17899361022364219,0.3628865979381444,0.3577764636309877,0.26761117670208584
0.2233423257134743,0.31788975312817036,0.21104277520558357,0.11673382820784729,0.3205741626794258,0.10168087847371327,0.037089971883786314,0.05705765407554672,0.4424242424242424,0.23841617523167669,0.017599130907115693,0.23643033946251768,0.016585779578758897,0.00836387136298604,0.14790767243430666,0.05150659416589059,0.026313131313131313,0.14468649365410116,0.21962064501604095,0.02647071016956179,0.16648879402347916,0.3872601279317698,0.15194979829672794,0.07321569012976799,0.3376477580400185,0.07898438940148055,0.0632188498402556,0.1972852233676976,0.3788685196136409,0.09536927718745902
0.251739315632543,0.20933378424078453,0.242139451316426,0.13582184517497348,0.2543107339532364,0.16302680817127782,0.09006560449859419,0.08220675944333995,0.3065656565656566,0.10067396798652073,0.04588086185044359,0.10504331683168318,0.04382038354615276,0.021512967922928367,0.1455960838970663,0.14921741220296214,0.05345959595959596,0.12186020079560524,0.174030505994259,0.028681784890068132,0.19281394521522588,0.20175906183368875,0.18048707604960412,0.08884683444750295,0.2537806247110876,0.13360693114455086,0.11365814696485624,0.1654639175257732,0.18076089099152381,0.052603961694870804
0.1523498509158029,0.26276631721339194,0.14691451869255756,0.07537645811240722,0.2519635280310553,0.12174099748481687,0.1352858481724461,0.05323061630218688,0.4565656565656565,0.27780117944397653,0.08879232301285533,0.3451644271570014,0.0937661970503699,0.029861897130732652,0.10086004691164971,0.21741220296211736,0.1458080808080808,0.2028793332070468,0.24931051950244837,0.12845653165291654,0.12628957666310925,0.3318230277185501,0.12445838936202008,0.053701337003539115,0.1591494419863963,0.1090607445353203,0.15375399361022365,0.1227147766323024,0.2568499901438991,0.15118719664174213
0.20725069809266877,0.2658099425092999,0.1983276898624836,0.1087168610816543,0.3245463573169632,0.10352125636464019,0.0652061855670103,0.10437375745526839,0.27323232323232327,0.19313395113732112,0.029005975013579564,0.2640558698727015,0.028365452575036525,0.01280916252955745,0.12502974470544242,0.057792832036530774,0.029368686868686867,0.11123318810380753,0.0777846569482749,0.026401614084545978,0.18214158662397728,0.6476545842217485,0.17261815827481447,0.08260420762878488,0.489533117612098,0.1308903571324621,0.1446485623003195,0.2989003436426117,0.2775478020894935,0.14698937426210162
0.31610582611576504,0.18397024010821772,0.30737336742450416,0.18540827147401912,0.2712828383136228,0.17207533280166862,0.09955482661668227,0.1228131212723658,0.36969696969696975,0.18976411120471792,0.010392902408111526,0.04011227015558698,0.016208830042878014,0.008494615220826377,0.11894482782064791,0.20719800522726592,0.06169191919191919,0.15828755446107218,0.14490347273034276,0.13726628249243397,0.23514763429384555,0.20309168443496806,0.23681458239952186,0.11595556429414076,0.3719870567258799,0.27467473877230264,0.20519169329073486,0.3621993127147766,0.3591563177606939,0.2711530893349075
0.21151024658052914,0.3807913425769359,0.20744938152166403,0.10943796394485684,0.5197255574614066,0.22771609103735965,0.10756794751640111,0.11098409542743538,0.39494949494949505,0.4231255265374896,0.07734926670287887,0.4008574964639321,0.062196673420345856,0.03327991512855857,0.2942856171601455,0.11121458827770603,0.06530303030303031,0.14218602007956052,0.14462205211909718,0.10644942857537693,0.18427605834222693,0.5367803837953091,0.16992878131381045,0.08353814392449861,0.5582117149838208,0.13612946415577612,0.14017571884984026,0.21054982817869417,0.2359550561797753,0.21953299226026507
0.24937289980595395,0.43050388907676695,0.23764770921152656,0.13700954400848353,0.2644217748487859,0.10005521133672779,0.040159325210871594,0.06267395626242545,0.24444444444444458,0.20640269587194626,0.04070251674814412,0.17211810466760963,0.0386373274277906,0.020989992491567022,0.11500152972770844,0.07358728632799591,0.02376262626262626,0.0862095093767759,0.11535430854955818,0.05196716554040049,0.22198505869797225,0.5322494669509595,0.21081727177648285,0.1075747149036571,0.359440005282969,0.14854808821103901,0.09824281150159744,0.21769759450171824,0.3025822984427361,0.17703004066640432
0.4083960433527379,0.32702062901589435,0.3884320364867667,0.26091198303287383,0.2326442177484878,0.11281516471382125,0.09861761949390815,0.14150099403578528,0.24595959595959604,0.094144903117102,0.04283903675538656,0.1411333097595474,0.03661122367243085,0.028722557798124014,0.03783526532277254,0.051469041968335995,0.033106060606060604,0.09801098692934267,0.03163167670400181,0.015553528737061763,0.3550337958022056,0.523720682302772,0.32616166143732256,0.19745379473063313,0.24585617116819652,0.14883914971233422,0.1805111821086262,0.2944329896907217,0.22038241671594716,0.08690804145349601
0.16702162904065498,0.35441325667906665,0.17172275585654068,0.08089077412513256,0.5377809876320303,0.3402245261026931,0.15173383317713213,0.15248508946322067,0.4353535353535355,0.5867733782645326,0.08042730400144849,0.3314621640735502,0.06050040050888187,0.024482721265301703,0.34561648026651254,0.2645026586955869,0.11593434343434343,0.2924796362947528,0.21089660606742838,0.20373671627765572,0.11490572749911065,0.2859808102345416,0.11061307834055484,0.04650019661816751,0.38849633494023644,0.1723181108168156,0.10343450479233228,0.21085910652920964,0.1612458111571063,0.23101141282959475
0.3038004638175021,0.3655732160973959,0.30993020523806236,0.175270413573701,0.5233366434955313,0.3911416477516717,0.33856607310215553,0.4061630218687873,0.5333333333333334,0.49052232518955363,0.10106826000362121,0.12606082036775107,0.11006926447721813,0.05018322817791624,0.12581160553421492,0.15319794514374982,0.08717171717171718,0.2526993748816063,0.1290032081949682,0.10745132180810635,0.3016720028459623,0.4701492537313433,0.3132128094028587,0.16201337003539124,0.5694380241695833,0.34763415509697204,0.40782747603833874,0.7048109965635739,0.39818647742952895,0.36639118457300274
0.4666098726868286,0.32972607372336826,0.4464791652270058,0.31249204665959707,0.19698474316150588,0.16210661922581437,0.12066541705716961,0.13772365805168985,0.39595959595959607,0.05728727885425444,0.13304363570523264,0.3756630127298444,0.1282570795834708,0.07435216418440113,0.058809531903321194,0.18293928560699377,0.07717171717171717,0.21026709604091684,0.10297180165475318,0.021564888133438362,0.36606189967982916,0.42777185501066106,0.34807510334179986,0.20812033031852145,0.1094234960047547,0.13942816117045534,0.1503194888178914,0.28989690721649486,0.1896313818253499,0.03069657615112159
0.3345638695631597,0.5897869462292863,0.32886462580333076,0.1938069989395546,0.42123318588065367,0.2859333783203485,0.10454545454545454,0.21391650099403578,0.24090909090909096,0.2474726200505477,0.09161687488683684,0.25013260254596886,0.10040993262027048,0.04302967138465216,0.1884284597341673,0.18421606032385018,0.052297979797979795,0.3080128812275052,0.18176957280351208,0.1523292290258834,0.26218427605834227,0.5636993603411515,0.24797051645998308,0.1281704679512387,0.3495344383543551,0.19317751840963995,0.10591054313099042,0.3601374570446736,0.1350285826926868,0.1847697756788666
0.13834066922239574,0.2823807913425769,0.14380485108147328,0.0674019088016967,0.40046944118443634,0.3374639592663027,0.30623242736644796,0.18469184890656062,0.3075757575757576,0.6571187868576243,0.11573420242621762,0.4200848656294201,0.11190689346463745,0.038621735606035136,0.3789305503620355,0.6446060023432572,0.30227272727272725,0.4659973479825725,0.43504812292452294,0.588187333305695,0.11846318036286019,0.32969083155650325,0.11285422580805815,0.05038340542666142,0.38915670606881064,0.2597335817058144,0.2784345047923323,0.34054982817869417,0.20678099743741385,0.4011544011544012
0.27824317289034023,0.1220831924247548,0.2697118374680395,0.15325556733828205,0.5486142457344045,0.21152076559720265,0.08903467666354263,0.16898608349900598,0.2439393939393939,0.31171019376579623,0.039724787253304354,0.15068069306930693,0.04038071903123971,0.01824437147691997,0.1426726042764388,0.1344969507615586,0.04803030303030302,0.19151354423186207,0.05822592446670795,0.07642717963600182,0.21736036997509778,0.24147121535181237,0.21111609143881666,0.10182363350373573,0.5516080036980782,0.1899758418953925,0.14305111821086264,0.3969072164948454,0.16104868913857678,0.19998688180506358
0.13701547635950584,0.32769699019276277,0.1393131089765739,0.0656627783669141,0.4321567211338811,0.23799153426170175,0.14418931583880035,0.15054671968190855,0.446969696969697,0.27927548441449046,0.024913996016657607,0.19046145685997168,0.0363285115205202,0.00927907836786839,0.24968555597103714,0.1480157418812149,0.07648989898989898,0.21064595567342298,0.11549501885518094,0.09242292331716484,0.10067591604411241,0.39472281449893387,0.1086209472583296,0.043255996854109316,0.5595324572409694,0.1968642974260461,0.21118210862619813,0.3350171821305842,0.20835797358564956,0.19585465040010502
0.41975483932036534,0.4815691579303347,0.41400041462234816,0.27113467656415696,0.28328969937708764,0.24789890190785843,0.23284910965323333,0.2666003976143141,0.39747474747474754,0.07203032855939351,0.10566720984971933,0.15863684582743992,0.10111671300004713,0.05561843712527876,0.27385525376482983,0.2178628293327726,0.12755050505050505,0.37734419397613184,0.3085495581696403,0.07279963517267113,0.31696905016008536,0.4168443496801706,0.3067383833856268,0.16990267400707826,0.2768936142111867,0.16019054826284793,0.1854632587859425,0.3845360824742268,0.24521979105066039,0.051357733175914966
0.8173126981873255,0.3547514372675008,0.8458986939396034,0.6861081654294804,0.8311817279046674,0.819949696337648,0.9999999999999999,0.9999999999999999,0.8055555555555556,0.39616680707666396,0.5060655440883577,0.6099275106082037,0.42642416246525,0.42248570222526044,0.7348471971988986,0.7195601886622405,0.3227272727272727,0.3451411252131085,0.5289018967749197,0.3102483313295469,0.6435432230522945,0.31902985074626866,0.6498829622989193,0.4639697208022021,0.6500033018556428,0.3852781092644876,0.4634984025559106,0.7725085910652921,0.3266311847033314,0.1643053915781188
0.12712385820436367,0.29692255664524847,0.12231359270264675,0.06176033934252387,0.33249074659203753,0.13250720814673944,0.0690721649484536,0.07524850894632207,0.5949494949494949,0.2984414490311713,0.09636067354698533,0.21875,0.08537906987702021,0.029749830966869506,0.19675697725804803,0.13246913209361014,0.06853535353535353,0.1872134874029172,0.16488433612877806,0.10427290189737848,0.11419423692636077,0.36247334754797444,0.10194730813287511,0.04915454187966968,0.34491184045433526,0.12312871709792281,0.1019968051118211,0.22542955326460484,0.31716932781391693,0.198084743539289
0.30995314496663356,0.04159621237740946,0.3048856333356368,0.1763308589607635,0.6903493725738015,0.26170173608981045,0.16112933458294282,0.325844930417495,0.6782828282828284,0.3464616680707666,0.10812963968857503,0.14449257425742573,0.0892899213117844,0.048278103392242776,0.3972872828636502,0.19630786793643165,0.02934343434343434,0.15607122561091116,0.2509990431699217,0.18204054558268729,0.21878335112059766,0.01252665245202561,0.2039444195428059,0.10329826976012584,0.4882123753549495,0.10731437552754897,0.06820287539936103,0.2545360824742268,0.22570471121624291,0.11065197428833795
0.2389606701689621,0.27798444369293196,0.2232050307511575,0.12831389183457054,0.21847070506454808,0.0599349733145206,0.003622305529522024,0.027793240556660038,0.16262626262626267,0.2262005054759899,0.044178888285352165,0.12144183168316831,0.03340715261744335,0.018991479236007608,0.10252575041642586,0.03481088713311503,0.0029898989898989895,0.07484372040159121,0.09537344515112285,0.029718226165305478,0.18285307719672717,0.2726545842217485,0.1610139947208526,0.08312033031852141,0.19896982103942412,0.04522125525123459,0.0061757188498402565,0.09608247422680413,0.11945594322885866,0.10055096418732784
0.522930569359648,0.24146094014203578,0.5093635546955981,0.35906680805938496,0.3325810237428906,0.3184467210600577,0.2553889409559512,0.31083499005964216,0.33333333333333326,0.16512215669755692,0.06775303277204417,0.050919377652050915,0.05484615747066863,0.05410554391312631,0.08172145358126254,0.10024934659176254,0.07512626262626262,0.18475089979162718,0.07131198288962683,0.0532454431131932,0.44290288153681956,0.2665245202558636,0.41281936351411924,0.272021234762092,0.36406260318298883,0.23217975958319995,0.34265175718849844,0.5274914089347079,0.25172481766213295,0.1784730421094058
0.2768233233943869,0.42678390260399035,0.28657314629258523,0.15257688229056204,0.5070867563419699,0.4923624317526533,0.3971415182755389,0.34100397614314115,0.5368686868686869,0.4755686604886269,0.07046894803548795,0.15664780763790664,0.07067803797766575,0.0342324775213953,0.17914811163612873,0.2728392465527083,0.11825757575757574,0.28395529456336427,0.12548545055439858,0.1631427663308597,0.2586268231945926,0.48320895522388063,0.2733701877583545,0.12799842705465986,0.7034933632701577,0.4919036392389712,0.5017571884984026,0.6793814432989691,0.36309875813128334,0.45428309064672706
0.2460599176487292,0.2749408183970239,0.23495266394858694,0.13047720042417815,0.46826758147512865,0.15701490706091648,0.058341143392689775,0.14617296222664014,0.4242424242424243,0.3451979780960408,0.09219627014303819,0.2543316831683168,0.07788719785138765,0.032943716636969135,0.12645749056667913,0.07163457205515666,0.02856060606060606,0.28774389088842584,0.20146901559070185,0.08682614043088319,0.17431519032372822,0.23720682302771867,0.15802579809751482,0.076189539913488,0.28283695436835504,0.06431488973620127,0.03977635782747604,0.20213058419243987,0.13049477626650902,0.12278630460448647
0.25647214728572104,0.2695299289820764,0.26038283463478684,0.1375609756097561,0.4763925250519094,0.3442120115330348,0.1813730084348641,0.13911530815109344,0.37929292929292935,0.44355518112889647,0.023610356690204594,0.24306046676096177,0.06818074730245491,0.01611511436352022,0.2817078560016317,0.23055547210622768,0.12275252525252525,0.2210645955673423,0.19682557550515,0.17654740682392936,0.17609391675560304,0.2902452025586354,0.19522884605807062,0.08125245772709395,0.48755200422637507,0.22859000106722552,0.19193290734824284,0.2532646048109966,0.19534792036270454,0.25285320739866207
0.3648539921434994,0.14440311126141353,0.37613157349181126,0.21743372216330858,0.45562878035569204,0.5037114287467027,0.3397375820056232,0.31312127236580517,0.5181818181818183,0.5075821398483573,0.1574144486692015,0.2543316831683168,0.1902652782358762,0.07965662927392332,0.28089200122378216,0.376933938174062,0.13328282828282828,0.2992991096798636,0.26239657792536725,0.157165954976991,0.3034507292778371,0.16844349680170578,0.3171970715673091,0.15336217066456942,0.3964207884831276,0.32619262450155717,0.2571086261980831,0.3807560137457045,0.24876798738419081,0.24294897022169754
0.11940934260968333,0.09232330064254302,0.11436666436320925,0.05531283138918344,0.4493093797959737,0.13968468192135453,0.06925960637300843,0.10318091451292247,0.3813131313131314,0.4020640269587197,0.06003983342386383,0.136271216407355,0.05428073316684729,0.016619412100904375,0.26831424006526833,0.09063598401778472,0.05012626262626262,0.26917976889562417,0.17431192660550454,0.07162500172740213,0.08182141586623981,0.09701492537313439,0.0733104238258877,0.031876720408965775,0.40434524202601857,0.08490263992781676,0.0708226837060703,0.21398625429553267,0.17445298639858076,0.14882592155319424
0.2020445832741729,0.1714575583361514,0.19065717642180913,0.10455991516436904,0.2747133700460413,0.07729587141893135,0.002281396438612933,0.014617296222664016,0.36010101010101025,0.22851727042965475,0.03726235741444866,0.1405365983026874,0.036375630212505304,0.015442717380341356,0.13271237719685894,0.03659086129720312,0.0024588383838383835,0.055711308960030306,0.12829965666685428,0.039218937854981144,0.1718249733191035,0.267590618336887,0.15772697843518102,0.07557510813999213,0.3000066037112857,0.06854498355502518,0.004407348242811502,0.0572852233676976,0.2464025231618372,0.1255411255411255
0.38993799990534345,0.7071356104159621,0.4119273028816254,0.24322375397667018,0.47097589600072226,0.5807005705171462,0.5974695407685098,0.46863817097415505,0.5393939393939393,0.4540859309182814,0.05384754662321201,0.1867043847241867,0.07562550063610235,0.02960040941505198,0.09899037971241118,0.34689218013038126,0.18583333333333332,0.3046031445349498,0.1897900602240108,0.18128048864751323,0.3411597296335823,0.8200959488272922,0.3899098560685293,0.17936492331891468,0.4657597569834246,0.7416344073502731,0.9345047923322684,0.8096219931271479,0.49753597476838163,0.5631641086186541
0.26404467793080605,0.3165370307744335,0.26349250224587106,0.1451961823966066,0.3156991965333574,0.2589411692534201,0.24133083411433923,0.21824055666003975,0.23888888888888893,0.2502106149957879,0.09005975013579576,0.24703854314002827,0.11567638882344627,0.038640413300012326,0.27671074548730323,0.3011536035088774,0.15835858585858587,0.3724190187535518,0.26042663364664825,0.11436093030968866,0.19352543578797576,0.27745202558635396,0.1922904527117884,0.08901887534408177,0.2537806247110876,0.16775814729652375,0.19073482428115018,0.31838487972508595,0.10959984230238523,0.11045520136429227
0.39277769889725017,0.42948934731146426,0.3809688342201645,0.24055143160127257,0.3425115103367338,0.2632353843322496,0.12593720712277412,0.1621769383697813,0.3368686868686869,0.2782224094355521,0.03400325909831612,0.029923974540311177,0.027658672195259866,0.023772968894168453,0.05360845769453036,0.08785712139874427,0.044797979797979795,0.1138283765864747,0.05400461529802443,0.058047621021792915,0.35112059765208115,0.42670575692963764,0.3157029732556402,0.19364431773495872,0.38915670606881064,0.2935937363564922,0.28993610223642174,0.4213058419243987,0.31736644983244633,0.27994227994228
0.5319229495006863,0.3040243490023672,0.5287125976090111,0.3773064687168611,0.5612530468538413,0.39604932212747684,0.4151827553889409,0.5268389662027833,0.5212121212121212,0.27674810446503817,0.2615245337678797,0.2724540311173974,0.19412901097865526,0.1718497267453371,0.07431077268246253,0.2054706041397543,0.07113636363636364,0.17469217654858873,0.2653514943434457,0.14617967745947516,0.45072927783706873,0.3227611940298508,0.4217839533841326,0.2791486433346441,0.3752889123687512,0.19637919492388742,0.20950479233226837,0.4553264604810997,0.28700965897890796,0.16286239013511744
0.3795257702683516,0.19614474129184978,0.3708105866906227,0.22948038176033936,0.28058138485149414,0.2767314888657138,0.15241330834114336,0.1878727634194831,0.4146464646464646,0.19187026116259487,0.04356328082563823,0.030144978783592638,0.07157329312538283,0.024426688183370127,0.08178944147941666,0.22394628533661792,0.09202020202020202,0.21879143777230534,0.08482017222941408,0.07977833975926923,0.3016720028459623,0.19429637526652455,0.31769510433786546,0.15311639795517107,0.280195469854058,0.32541646049810324,0.27172523961661343,0.47388316151202753,0.27380248373743354,0.1874590056408238
0.16986132803256188,0.3554277984443692,0.1821574182848456,0.08262990455991516,0.34395594475038377,0.44972701061284587,0.5342080599812559,0.2952783300198807,0.5696969696969696,0.7274641954507164,0.0,0.19245049504950495,0.07567261932808747,0.0007956697634283281,0.2306829384369582,0.557109382041037,0.3876262626262626,0.5529456336427354,0.11662070130016323,0.39057253016044113,0.103877623621487,0.28784648187633266,0.12998655311519502,0.04097031065670467,0.28481806775407775,0.3246402964946493,0.481629392971246,0.5034364261168385,0.20342992312241281,0.426078971533517
0.37337308911922,0.35508961785593507,0.3616197913067515,0.22795334040296922,0.39035840028888685,0.19652168578614806,0.15988753514526707,0.2460735586481113,0.21565656565656566,0.15838247683235074,0.04374434184320115,0.2819572135785007,0.039532582575507715,0.028087516202899523,0.12584559948329196,0.08605461591612343,0.054368686868686865,0.22409547262739155,0.16474362582315527,0.031687464588256435,0.28744219139096416,0.4386993603411514,0.2663977289705663,0.1470703893039717,0.33302516013999867,0.10818756003143465,0.13578274760383388,0.34948453608247426,0.15848610289769371,0.07182211727666271
0.33125088740593495,0.33513696313831587,0.32706792896137105,0.1934252386002121,0.4818091541030965,0.28808048585976326,0.26382380506091846,0.3212226640159046,0.3075757575757576,0.32603201347935973,0.039579938439254024,0.13107761669024048,0.03981529472741837,0.02250288570371948,0.12241221062650848,0.11759846186198816,0.05517676767676768,0.18122750520931996,0.06118084088478638,0.06741014054143693,0.32408395588758443,0.5005330490405118,0.31620100602619655,0.1681331104994101,0.5951924981839793,0.31969225097263054,0.325,0.6278350515463919,0.31815493790656424,0.33097205824478554
0.552274125609352,0.2668244842746026,0.5522078640038699,0.3955461293743372,0.5170172429358131,0.4577019814735293,0.4625117150890346,0.5014910536779325,0.4277777777777778,0.22177759056444835,0.18736194097410824,0.06698638613861387,0.16661169485935073,0.12095301065749217,0.15572628072203146,0.28305344428755974,0.14025252525252524,0.3210835385489676,0.2307367591602409,0.09121374182938796,0.5297047314123088,0.24786780383795315,0.49897903282035955,0.3396087298466378,0.6387769926698803,0.4673574526297407,0.5866613418530352,0.8171821305841925,0.44037058939483553,0.24144037780401423
0.22144919305220317,0.24890091308758866,0.20668924055006566,0.11770943796394485,0.20745689266046757,0.051898656524139615,0.01946110590440487,0.05775347912524851,0.30858585858585863,0.15480202190395964,0.08759732029694006,0.06899752475247524,0.06917023983414222,0.03591346997934247,0.16555053200530306,0.03559197284225073,0.015022727272727273,0.11926501231293805,0.20090617436821068,0.06126058897502867,0.19032372821060117,0.20575692963752668,0.16534687982469248,0.08781458906802987,0.1876114376279469,0.03635358151177344,0.024329073482428118,0.14646048109965637,0.22984427360536175,0.08664567755476849
0.22996829002792368,0.3121406831247886,0.21919701471909347,0.12067868504772004,0.32571996027805367,0.15219925157965772,0.06253514526710402,0.06923459244532804,0.23888888888888893,0.22346251053074995,0.04008690928843019,0.11160714285714286,0.032370541393770914,0.01927164464566547,0.12931298228915253,0.11279178057499928,0.051641414141414134,0.1278082970259519,0.11647999099454044,0.0700357917720382,0.19103521878335117,0.3456823027718551,0.17336520743064893,0.0887485253637436,0.3752889123687512,0.15592164624385133,0.11749201277955273,0.23756013745704468,0.1912083579735857,0.1632559359832087
0.26499124426144166,0.2938789313493404,0.2490498237855021,0.14655355249204666,0.2825674821702628,0.06987301392552606,0.004358013120899719,0.014532803180914513,0.32171717171717173,0.18091828138163457,0.0580843744341843,0.21875,0.04542241907364652,0.02922685553550816,0.1587517421898902,0.04323008982485655,0.004696969696969697,0.055389278272400075,0.250858332864299,0.038700717217362464,0.19815012451085023,0.2947761194029851,0.1750585188505404,0.09312327959103421,0.21547909925378067,0.03778948491816321,0.004456070287539936,0.03014432989690722,0.1852946974177016,0.06080283353010629
0.3426096833735624,0.4535001690902942,0.3495266394858684,0.19783669141039234,0.49535072673106445,0.6806944359241763,0.46415182755388934,0.3289264413518887,0.6686868686868688,0.5362257792754845,0.06319029512945862,0.3867132248939179,0.06384582763982474,0.046541077852364034,0.21270013937519117,0.9999999999999999,0.2944444444444444,0.31559007387762833,0.6085439297574154,0.3739894697566436,0.2778370686588403,0.6705756929637527,0.27884854823447386,0.1418600078647267,0.5423628078980385,0.8784333129590283,0.6779552715654953,0.6089347079037801,0.7098363887246205,0.5874327692509511
0.13232997302285954,0.24619546838011486,0.12929306889641357,0.06222693531283138,0.46104540940687916,0.19833139071222625,0.1015463917525773,0.08836978131212724,0.2646464646464648,0.4357624262847517,0.10555857323918161,0.23510431400282883,0.0937661970503699,0.030011318682550178,0.41258455994832915,0.20329257668158743,0.06873737373737374,0.19378670202689902,0.35076264985647543,0.12932023271561432,0.11099252934898618,0.2518656716417911,0.10593157029732558,0.04468147856861973,0.4987783134121376,0.14476428869420108,0.1038338658146965,0.18329896907216495,0.1908141139365268,0.19441164895710356
0.24085380283023333,0.12614135948596544,0.2352290788473499,0.1279745493107105,0.5179200144443441,0.21688853444573955,0.08858950328022493,0.13906560636182902,0.3015151515151515,0.33951137320977276,0.050624660510592064,0.031780410183875535,0.04509258822975074,0.021923877190426558,0.19084203011863887,0.06968185778231742,0.0454040404040404,0.15127865125970827,0.1651657567400236,0.04626673852659508,0.1963713980789754,0.09994669509594883,0.18183176453010608,0.08963330711757765,0.5344383543551476,0.13186056213677952,0.1295527156549521,0.2540549828178694,0.23970037453183524,0.16712580348943978
0.08978181646078848,0.19546838011498135,0.08948932347453531,0.04135737009544008,0.2735397670849508,0.176676277528986,0.11061387066541704,0.11833996023856859,0.43939393939393945,0.34224936815501295,0.15448126018468222,0.18559936350777934,0.16585779578758897,0.04366471297987665,0.3133222286433015,0.20081413164298376,0.08116161616161616,0.2852813032771358,0.2882872741599595,0.1132899409919434,0.07296335823550337,0.15138592750533053,0.07400766970466655,0.028706252457727094,0.20029056329657274,0.09460468997099088,0.0754073482428115,0.1636426116838488,0.17129903410210923,0.12639380821199003
0.6403047943584648,0.612106865065945,0.626148849422984,0.4986214209968186,0.35171977972375196,0.26998343659898166,0.3641049671977507,0.41451292246520877,0.1959595959595961,0.1255265374894694,0.14937533948940793,0.18316831683168316,0.1418272628751826,0.11805796809102762,0.11241798959785157,0.13795175293658185,0.08729797979797978,0.20666792953210833,0.07173411380649518,0.06882661028426129,0.5884027036641764,0.6759061833688701,0.5592409980576722,0.4145694062131341,0.3376477580400185,0.24139670712421538,0.331150159744409,0.5371134020618556,0.17189040015769763,0.1852289125016398
0.6071749727862179,0.4206966520121743,0.5957432105590492,0.47359490986214203,0.41238602509704797,0.255567143120054,0.34653233364573566,0.4720675944333996,0.2636363636363638,0.08403538331929239,0.234184320115879,0.14515558698727016,0.24068227865994443,0.19723271286033942,0.1625250705374443,0.12525911016312677,0.08563131313131313,0.288122750520932,0.07989531153261663,0.038078852452220056,0.6897901102810388,0.5026652452025587,0.6792668957617412,0.5438458513566653,0.5284950141979792,0.2791376817921627,0.42907348242811505,0.820618556701031,0.2371377882909521,0.1384625475534566
0.4391594490983957,0.41156577612445033,0.44025983000483726,0.2898409331919406,0.5766001624988717,0.33408993313293667,0.42150890346766634,0.39666998011928434,0.4085858585858587,0.32350463352990744,0.16625022632627193,0.2423974540311174,0.10384959713518355,0.0951030821930601,0.30074446748478767,0.26517859825156975,0.14744949494949494,0.2246637620761508,0.45502898632295824,0.18283515056036925,0.34863038064745644,0.3515458422174841,0.3152049404850839,0.1941604404246952,0.47170309714059305,0.17881848434574227,0.2670926517571885,0.35979381443298974,0.23082988369800916,0.16063229699593334
0.3577547446637323,0.602975989178221,0.36583511851288786,0.21857900318133616,0.5531281032770605,0.4297895834611374,0.38402061855670094,0.3660039761431411,0.6277777777777778,0.438289806234204,0.09360854608002897,0.14869165487977365,0.09998586439240448,0.04809132645247087,0.1323724377060883,0.3015291254844234,0.11972222222222222,0.20647849971585527,0.1503911746496313,0.15792601191216507,0.33902525791533267,0.6692430703624735,0.36700034862293934,0.1862957137239481,0.6381166215413061,0.6116269367717398,0.5611821086261981,0.5883161512027492,0.5229647151586833,0.5185622458349732
0.44341899758625597,0.4592492390936759,0.45062538870845137,0.29560975609756096,0.40435135867112043,0.39973007790933074,0.42432052483598875,0.4360337972166998,0.5631313131313131,0.25737152485256964,0.11577041462973023,0.14626060820367753,0.10436790274701976,0.07227894015293294,0.1333242682802461,0.27727040586415125,0.15333333333333332,0.3136957757150975,0.3389429841841616,0.11021516520873928,0.407328352899324,0.5066631130063967,0.39289805269186723,0.24080810066850178,0.4644390147262761,0.42612373994625063,0.5660543130990415,0.7725085910652921,0.6424206583875419,0.26957890594254236
0.27824317289034023,0.2803517078119715,0.2722686752815977,0.15389183457051964,0.4216845716349192,0.2333599165695356,0.09111996251171509,0.1150596421471173,0.33232323232323246,0.21082561078348805,0.05576679340937895,0.1623939179632249,0.04810818451679782,0.0253045398002981,0.12169833769589011,0.10783489049779194,0.052297979797979795,0.1549346467133927,0.1350537513367479,0.06747923662645275,0.22447527570259695,0.3411513859275054,0.2065341899496987,0.10737809673613842,0.38123225252591947,0.1812439968565358,0.13825878594249202,0.2723711340206186,0.23930613049477623,0.1583366128820674
0.6062284064555823,0.521136286777139,0.5985073595466797,0.44475079533404027,0.44118443621919307,0.4279492055702105,0.5962980318650422,0.5710735586481114,0.5767676767676768,0.23525695029486116,0.13898243708129637,0.18537835926449786,0.0946143335061019,0.10558126851426414,0.1128599109358534,0.22184336227356027,0.12007575757575757,0.19757529835196058,0.11113299938087463,0.08046930060942747,0.5229455709711845,0.5746268656716418,0.4895164101797898,0.3450157294534015,0.3719870567258799,0.34811925759913076,0.4531150159744409,0.5951890034364261,0.34299231224127746,0.19421487603305793
0.4779686686544559,0.5897869462292863,0.4658282081404188,0.33399787910922585,0.418434594204207,0.2810257039445433,0.23594189315838798,0.31963220675944337,0.3702020202020202,0.2706402695871948,0.2960709759188846,0.1749911598302687,0.249446355369175,0.20246246717395283,0.2388754801645307,0.14974314296872657,0.06871212121212121,0.27618867209698805,0.17684471210671465,0.12168511532136589,0.5346851654215582,0.5988805970149255,0.5064495243787042,0.35951631930790406,0.5866076735125139,0.2106412084873534,0.2107827476038339,0.5343642611683849,0.28484131677508384,0.23324150596877874
0.5598466562544371,0.3473114643219478,0.5328588210904569,0.4065747613997879,0.3304143721224159,0.1210355192932949,0.18791002811621366,0.2904075546719682,0.24747474747474751,0.0,0.07850805721528153,0.10338578500707211,0.07567261932808747,0.055917280228913825,0.19913655369344252,0.06675278637305856,0.06623737373737373,0.27713582117825347,0.16066302696009455,0.026988930807180463,0.42796157950907154,0.3272921108742005,0.3914039543801982,0.2582579630357845,0.3508551806115036,0.08606688593299765,0.17651757188498404,0.4446735395189003,0.19751626256652866,0.015282697100878873
0.3374035685550664,0.10720324653364893,0.3195356229700781,0.20063626723223754,0.3652613523517199,0.10330654561069874,0.04135426429240861,0.13583499005964214,0.15808080808080816,0.14827295703454113,0.05272496831432192,0.1592998585572843,0.037742072280073515,0.03197247655015521,0.16925587245470305,0.0681046654850242,0.014436868686868685,0.12553513923091494,0.08833792986998369,0.05462736481350967,0.27036641764496616,0.15938166311300644,0.23900592658996966,0.13878784899724733,0.3759492834973254,0.08111884041097885,0.04238817891373802,0.20240549828178697,0.10546027991326634,0.10356814902269451
0.09318945525107669,0.20459925600270534,0.10331006841268747,0.043138918345705185,0.379073756432247,0.32182074719342374,0.21703373945641985,0.1147117296222664,0.12373737373737381,0.45640269587194626,0.07304001448488137,0.13673532531824611,0.11888045987843379,0.018935446154076038,0.5655573307951185,0.4907922011596119,0.2339141414141414,0.43720401591210456,0.22454550571283838,0.16258999765073312,0.05279260049804341,0.1345948827292111,0.06439563723292996,0.02084152575697995,0.30859142838275117,0.1558246257434196,0.1233226837060703,0.13216494845360827,0.017149615612063907,0.1454807818444182
0.433006767949264,0.27629354075076085,0.43680464377029926,0.2815270413573701,0.46375372393247266,0.4187473161155758,0.317244611059044,0.3852882703777336,0.4737373737373738,0.31992417860151656,0.08057215281549882,0.07193688118811882,0.06719125477076757,0.05272339455881419,0.0840330421185029,0.19848589539459852,0.06727272727272728,0.17175601439666605,0.12872178758372266,0.100956289816619,0.43685521166844543,0.4061833688699361,0.4098311668907814,0.26440228077074324,0.48491051971207816,0.5366300899380039,0.4212460063897764,0.6405498281786942,0.5332150601222156,0.4477239931785388
0.34497609920015143,0.43422387554954345,0.3453804160044226,0.20627783669141037,0.4619481809154104,0.2945218084780075,0.3427835051546392,0.30511928429423457,0.4373737373737374,0.2076663858466723,0.03302552960347636,0.32947312588401695,0.05362107147905575,0.021923877190426558,0.14957337593908285,0.177081142788476,0.11729797979797979,0.24171244553892782,0.09326279056678112,0.09884885922363637,0.2618285307719672,0.5930170575692966,0.2683898600527915,0.13347915847424302,0.4413260252261772,0.23868013311212657,0.33817891373801917,0.46804123711340206,0.22333924699388918,0.18673750491932312
0.20346443277012632,0.12445045654379433,0.20185197982171244,0.10235418875927889,0.5756973909903405,0.28900067480522673,0.10859887535145267,0.23836978131212724,0.3590909090909091,0.22662173546756548,0.08216548977005247,0.21720297029702967,0.051547849031710884,0.03647380079865819,0.3248801713295033,0.24580166431339562,0.05522727272727272,0.37222958893729874,0.11141441999212025,0.08800077387615218,0.14194236926360726,0.09994669509594883,0.13008615966930626,0.061148250098309084,0.4327412005547116,0.15029445721881035,0.069241214057508,0.29591065292096225,0.1058545239503253,0.08395644759281123
0.3340905863978418,0.21203922894825833,0.3178080298528091,0.19838812301166492,0.2884354969757155,0.12137292190663149,0.08280224929709466,0.1463220675944334,0.3303030303030303,0.1899747262005056,0.10056128915444504,0.15156471004243283,0.08891297177590352,0.0484462026380375,0.21290410306965357,0.08034668188782407,0.040606060606060604,0.17135821178253458,0.1712162998818033,0.06685737186131036,0.27499110636784063,0.2547974413646056,0.2529508441655461,0.13881242626818718,0.31915736643993925,0.09499277197271784,0.08921725239616614,0.2561168384879725,0.22866154149418494,0.11347238619965894
0.2976477826683705,0.24721001014541755,0.2816667818395412,0.17090137857900317,0.28726189401462493,0.09373658057787865,0.08327085285848172,0.1220675944333996,0.2202020202020203,0.14279696714406076,0.06561651276480174,0.11724275106082037,0.06064175658483722,0.03339198129242171,0.14681986606384062,0.06600174242196655,0.05704545454545454,0.17156658458041296,0.0976248100410874,0.05531832566366789,0.256492351476343,0.30863539445629007,0.24119727078041736,0.1286865906409752,0.3726474278544541,0.10071698149819056,0.14265175718849843,0.33257731958762893,0.18549181943623105,0.13898727535091177
0.22807515736665246,0.25532634426783896,0.21746942160182436,0.12233297985153764,0.34521982486232744,0.13170971106067111,0.06684629803186504,0.08141153081510934,0.39747474747474754,0.21545914069081729,0.084120948759732,0.17233910891089105,0.06917023983414222,0.03410173366355496,0.12747730903899104,0.1305915222158801,0.0525,0.10225421481341163,0.0969212585129735,0.075183450105717,0.1963713980789754,0.33235607675906187,0.1772498630409881,0.09260715690129769,0.3515155517400779,0.1409804891773632,0.11573482428115017,0.18405498281786944,0.23930613049477623,0.17165158074248993
0.5688390363954754,0.3111261413594859,0.550134752263147,0.42184517497348883,0.26667870362011387,0.18679835592908411,0.21722118088097467,0.2796719681908549,0.44747474747474747,0.01010951979780983,0.20934274850624657,0.21698196605374825,0.21010224756160772,0.1390143407334357,0.0922935717442295,0.1881965932646379,0.10202020202020201,0.2578139799204395,0.17473405752237292,0.06188245374017109,0.511917467093561,0.36540511727078895,0.48702624632700825,0.3324813212740857,0.20425279006801816,0.19317751840963995,0.25615015974440897,0.4185567010309279,0.25152769564360344,0.06801784074511347
0.313739410289176,0.5065945214744674,0.30384907746527545,0.18201484623541886,0.36065721765821074,0.18170664376418624,0.12382849109653232,0.1533300198807157,0.35404040404040416,0.23883740522325203,0.04327358319753757,0.14250353606789246,0.04688309852518494,0.02433329971348417,0.08073562905802764,0.07125905007961067,0.045353535353535354,0.1303277135821178,0.07525187144706479,0.01969929383801114,0.3187477765919602,0.6295309168443498,0.31271477663230246,0.1630701926858042,0.5014197979264348,0.25333022867731947,0.30319488817891377,0.45670103092783504,0.37551744529863984,0.15715597533779352
0.2754034738984335,0.2620899560365235,0.2713012231359271,0.15474019088016966,0.2510607565225242,0.21339181645297836,0.17314901593252105,0.2029324055666004,0.2595959595959597,0.15880370682392608,0.09139960166576136,0.19996463932107494,0.09004382038354616,0.04439314304498709,0.12604956317775434,0.24422447201610242,0.11477272727272726,0.2621708656942603,0.15207969831710472,0.10959330044359689,0.20668801138384918,0.2409381663113006,0.20075700981124556,0.09973456547384978,0.15961170177639833,0.14932425221449294,0.1518370607028754,0.285085910652921,0.08338261383796575,0.10160041978223794
0.8873586066543615,0.2620899560365235,0.901181673692212,0.7917285259809119,0.5621558183623725,0.6653579534997853,0.78912839737582,0.9507952286282306,0.45252525252525255,0.23694187026116276,0.3198623936266521,0.10844678217821781,0.30462234368373936,0.27325092734750595,0.15827582690281128,0.301754438669751,0.10772727272727271,0.28566016290964197,0.21765070073732196,0.08603153545320122,0.8964781216648879,0.3081023454157783,0.8909308232481699,0.7493118364136846,0.5403816945123159,0.5495338164954254,0.5152555910543132,0.9470790378006874,0.41888428937512323,0.21717171717171718
0.5901367788347769,0.32532972607372324,0.5715569069172829,0.43499469777306465,0.4592398663898168,0.3049506165265935,0.32310215557638233,0.42698807157057656,0.3616161616161617,0.13711036225779294,0.1754119138149556,0.060555162659123044,0.14324082363473592,0.11990705979476948,0.09980623449026074,0.11827440141797099,0.06941919191919192,0.24000757719265012,0.08116170428322171,0.05718391995909513,0.6321593738882959,0.33448827292110883,0.5612331291398973,0.4391466771529689,0.5185894472693653,0.28020490729691183,0.34480830670926516,0.6869415807560137,0.3575793416124581,0.2260264987537715
0.2848691372047896,0.5214744673655731,0.2682606592495336,0.15978791092258748,0.28040083054978787,0.09615974480093245,0.02825679475164011,0.08757455268389662,0.3065656565656566,0.09540859309182825,0.0545355784899511,0.19267149929278643,0.042406822786599456,0.026873466094382126,0.14756773294353606,0.05048517439240544,0.014345959595959596,0.12002273157795036,0.06005515843980412,0.021392147920898802,0.2280327285663465,0.529317697228145,0.20245032123113704,0.10895104207628785,0.3343459023971472,0.07956651240407098,0.03563897763578275,0.2034707903780069,0.1460674157303371,0.05162009707464249
0.16370864688343034,0.19445383834967866,0.15776380346900704,0.07893955461293743,0.47548975354337825,0.17741242868535673,0.015564667291471412,0.06043737574552684,0.3676767676767676,0.3062342038753161,0.02889733840304181,0.11989480198019802,0.02125053008528483,0.009447177613663106,0.16317095556990854,0.04362814311893533,0.007113636363636364,0.0941845046410305,0.1004390161535431,0.06654643947873914,0.12771255780860902,0.20735607675906187,0.11484635689028339,0.05166142351553282,0.41557155121178097,0.08538774242997546,0.02107827476038339,0.1534020618556701,0.20697811945594324,0.1813590449954086
0.2848691372047896,0.37436591139668585,0.2744799944717021,0.15944856839872745,0.5495170172429358,0.17333292436046868,0.07347703842549203,0.13146123260437376,0.7474747474747474,0.229780960404381,0.111787072243346,0.2125618811881188,0.09970315224049384,0.05225645220938443,0.18030390590474893,0.06885570943611621,0.049217171717171715,0.2184125781397992,0.30432824900095684,0.022048560728549126,0.2216293134115973,0.32222814498933905,0.20125504258180188,0.10605092410538734,0.38651522155451373,0.08073075840925188,0.06479233226837061,0.21635738831615123,0.32150601222156516,0.06106519742883382
0.7236026314543993,0.336827866080487,0.7532997028539838,0.5792152704135737,0.7219463753723931,0.7895834611373536,0.9990627928772258,0.9060636182902584,0.7555555555555555,0.43028643639427133,0.3996016657613615,0.2618458274398868,0.4378740046176319,0.3048162301689584,0.16323894346806267,0.6340913870279689,0.2626262626262626,0.469785944307634,0.326982608206225,0.14310490167627102,0.7282106012095338,0.42617270788912587,0.7788734498730017,0.5345064883995281,0.653305157498514,0.6523755469530712,0.7674121405750799,1.0,0.4908338261383798,0.28105732651187204
0.49595342893653277,1.0,0.48103102757238625,0.3296288441145281,0.4106707592308387,0.338690877860254,0.3320056232427366,0.4379224652087475,0.37828282828282833,0.2042965459140691,0.15393807713199345,0.10959600424328146,0.10578146350657305,0.07881613304494973,0.10697895774552127,0.19225223060053476,0.0657070707070707,0.2602765675317295,0.06160297180165476,0.06440446084324863,0.5186766275346852,0.8755330490405117,0.4521639523880671,0.3005308690523004,0.4314204582975633,0.3358946745447313,0.2588658146964856,0.7099656357388316,0.25389315986595706,0.19624819624819628
0.28628898670074304,0.29455529252620893,0.2682606592495336,0.16131495227995757,0.3358310011736029,0.05607017974357401,0.060028116213683216,0.14527833001988072,0.2055555555555556,0.18260320134793617,0.02621763534311062,0.4379862093352192,0.01946001978985063,0.01374304722841699,0.08971003161437263,0.019880133385405716,0.03391414141414141,0.22049630611858304,0.26492936342657736,0.03047828310047953,0.19103521878335117,0.2875799573560768,0.16958015837442103,0.08865021627998425,0.17063989962358844,0.0183368745815991,0.03860223642172524,0.17226804123711342,0.08318549181943624,0.04361799816345274
0.2900752520232855,0.43388569496110907,0.29873540183815905,0.16369034994697773,0.4294484066082875,0.3954358628305012,0.2039597000937207,0.2535785288270378,0.398989898989899,0.4873631002527381,0.029549158066268323,0.12422648514851485,0.03458511991707112,0.015480072768295735,0.12027059183465341,0.21147895574849043,0.06378787878787878,0.15730251941655618,0.24283784544380027,0.11411909401213327,0.2355033795802206,0.4568230277185502,0.2443846805119777,0.11160538733779,0.420854520240375,0.40060734833270273,0.252555910543131,0.3869415807560138,0.505223733491031,0.34474616292798116
0.27351034123716217,0.30875887724044637,0.2631469836224173,0.14977730646871684,0.3983930667148145,0.18446721060057664,0.06298031865042174,0.08851888667992047,0.353030303030303,0.2500000000000002,0.039760999456816944,0.20438472418670434,0.03665834236441596,0.019533132361346142,0.13240643165516539,0.1067083245711539,0.03861111111111111,0.18937298730820232,0.15770811054201606,0.042777386233296015,0.20704375667022412,0.3723347547974414,0.18631405946511276,0.09695733385764845,0.3871755926830878,0.15194380572614996,0.10023961661341854,0.28563573883161514,0.23240685984624487,0.11373475009838646
0.2545790146244498,0.40886033141697664,0.24870430516204822,0.13683987274655357,0.3167825223435949,0.2302619471198086,0.14093252108716026,0.1861332007952286,0.43939393939393945,0.2965459140690818,0.06746333514394351,0.25234264497878356,0.06813362861046976,0.02642520143892954,0.18353333106707007,0.17032174722864785,0.06825757575757575,0.24493275241523016,0.16460291551753248,0.12327432527672982,0.20988971896122377,0.4925373134328359,0.20444245231336222,0.09572847031065672,0.39113781945453335,0.21248459799555647,0.19440894568690098,0.41408934707903783,0.277350680070964,0.24642529187983736
0.21009039708457572,0.3608386878593167,0.2335014857300809,0.10290562036055144,0.8113207547169812,0.8113612661799889,0.5656044985941893,0.5228628230616302,0.7762626262626262,1.0,0.13909107369183413,0.1758751768033946,0.12665504405597702,0.03815479325660537,0.2514532413230445,0.5432150689458347,0.14295454545454545,0.353665466944497,0.7281476895367818,0.2872047869767699,0.24831020988971897,0.3859275053304905,0.24134668061158426,0.09400806134486826,0.9154724955424947,0.8140117006723521,0.5486421725239616,0.8848797250859107,0.9999999999999999,0.773711137347501
0.6970987741966019,0.2549881636794047,0.6710662704719785,0.5949098621420996,0.3720321386657038,0.20317771915833385,0.2736644798500468,0.42072564612326047,0.3318181818181818,0.012215669755686775,0.3967046894803548,0.15266973125884015,0.3286999952881308,0.4058625545855606,0.1310466736920828,0.06660257758284016,0.05292929292929292,0.22674749005493464,0.06680925310969778,0.031376532205685224,0.8118107435076486,0.3843283582089553,0.7425170576223916,0.7269465198584348,0.4300997160404147,0.13147248013505256,0.22851437699680513,0.6254295532646048,0.18628030751034896,0.0649350649350649
0.18547967248804959,0.10990869124112274,0.1720682744799945,0.09471898197242841,0.20330414372122413,0.05459787743083246,0.0072399250234301766,0.03274353876739563,0.19292929292929295,0.15732940185341215,0.06166938258193009,0.08866690240452617,0.049521745276351135,0.021923877190426558,0.1505592004623177,0.02915552618139213,0.004633838383838383,0.06774010229210078,0.11943490741261888,0.06115694484750494,0.15759516186410527,0.16471215351812368,0.13775586433587328,0.06999606763664962,0.303308459354157,0.053991908490264,0.014808306709265178,0.13584192439862544,0.23122412773506806,0.14305391578118848
0.30853329547068015,0.10145417653026712,0.2895446064542879,0.17930010604453872,0.19075561975264071,0.0514078890865591,0.006462043111527647,0.021963220675944334,0.1540404040404042,0.07139848357203049,0.04088357776570702,0.07209158415841584,0.03543325637280308,0.02537925057620686,0.055240167250229455,0.011220596629314749,0.005126262626262626,0.061413146429247965,0.09734338942984185,0.0231886461313102,0.25044468160796873,0.13113006396588495,0.22446336968972563,0.1262042862760519,0.1258667371062538,0.030144269484142006,0.011014376996805113,0.07594501718213059,0.13837965700768784,0.04512659058113605
0.2668843769227128,0.25160635779506246,0.2545090180360722,0.14820784729586423,0.2997201408323554,0.10710999325194773,0.06949390815370196,0.11292246520874752,0.37323232323232325,0.17481044650379118,0.020894441426760807,0.06789250353606789,0.016915610422654673,0.012174120934332964,0.0739368392426148,0.04721813320515517,0.03171717171717171,0.1304792574351203,0.11535430854955818,0.02567610519187983,0.2280327285663465,0.26998933901918976,0.20523930474625235,0.11017990562327958,0.338968500297167,0.12070320458712927,0.1507188498402556,0.33852233676975946,0.336093041592746,0.1197691197691198
0.05750390458611382,0.24112275955360152,0.05473014995508263,0.024772004241781553,0.3012548523968583,0.12284522421937302,0.03720712277413307,0.02940854870775348,0.3580808080808081,0.31739679865206427,0.016223067173637508,0.13182903111739747,0.015878999198982245,0.00262048046499987,0.24662610055410134,0.1067083245711539,0.040101010101010096,0.11208562227694639,0.2512804637811673,0.058289457319348294,0.036784062611170454,0.2649253731343284,0.034115244783106735,0.014009044435705859,0.38651522155451373,0.10517992451805067,0.054952076677316296,0.08810996563573883,0.3035679085353834,0.12495080676898862
0.4751289696625491,0.4825836996956374,0.4768848040909405,0.320593849416755,0.6054888507718696,0.39942334826084297,0.5663074039362699,0.5979125248508946,0.6000000000000001,0.2919123841617526,0.1772225239905848,0.22935820367751059,0.15275879941572826,0.11389284233411406,0.22283033620015635,0.2145582359479677,0.1273232323232323,0.21064595567342298,0.18486519952721336,0.1022345673894117,0.46069014585556733,0.5349147121535183,0.4267642810896957,0.28480141565080613,0.6090602918840387,0.3188190664687448,0.4463258785942492,0.6347079037800688,0.38734476641040805,0.19532992260264997
0.2919683846845568,0.19039567128846802,0.286918664916039,0.16772004241781546,0.3720321386657038,0.2012146494080118,0.21773664479850044,0.17311133200795228,0.3848484848484849,0.255054759898905,0.057758464602571065,0.09558433521923619,0.05004005088818735,0.029861897130732652,0.23357242410850865,0.13457205515666779,0.07694444444444444,0.18064027277893538,0.27871897337761015,0.08927905144894491,0.24332977588046956,0.22601279317697232,0.23537028736490861,0.12094475029492723,0.5060423958264544,0.19240135440618603,0.24033546325878596,0.3340893470790378,0.450226690321309,0.2052341597796144
0.2820294382128828,0.21846466012850863,0.272199571556907,0.15444326617179216,0.4167193283379977,0.21158211152690018,0.07722586691658856,0.11878727634194831,0.34090909090909094,0.2535804549283911,0.012420785804816224,0.1204031117397454,0.011332045422419078,0.008513292914803567,0.03990889621647346,0.07959563793673208,0.040732323232323224,0.1384353097177496,0.1522204086227275,0.03721515138952227,0.2109569548203486,0.2931769722814499,0.19562727227451565,0.09725226110892644,0.3039688304827313,0.16348924527752715,0.14456869009584666,0.28824742268041237,0.34141533609304164,0.15282697100878923
0.43442661744521754,0.4000676361176867,0.4312763457950384,0.28262990455991516,0.4348650356594746,0.33439666278142444,0.24437675726335517,0.2789761431411531,0.5555555555555556,0.18850042122999167,0.11649465869998188,0.19996463932107494,0.09833671017292561,0.06887959984908422,0.10755685487983138,0.12969026947456966,0.056035353535353535,0.17486266338321652,0.10508245623909497,0.05106891643519478,0.4105300604766986,0.5239872068230278,0.3948901837740923,0.24326582776248523,0.4512315921547911,0.26992073425114727,0.23897763578274764,0.4508591065292097,0.37748866548393456,0.13872491145218413
0.2536324482938142,0.5799797091646939,0.25817151544468253,0.14163308589607632,0.45833709488128566,0.3555610085270843,0.2542174320524836,0.2267395626242545,0.445959595959596,0.4088037068239261,0.10639145391997101,0.32019094766619516,0.08881873439193327,0.05162141061415993,0.2510453139341197,0.27186288941628867,0.09502525252525251,0.25023678727031634,0.1533460910677098,0.16504290866879484,0.2746353610814657,0.7281449893390194,0.25544100801832764,0.14345753047581594,0.7087763322987517,0.4301015804639521,0.3534345047923323,0.5013745704467354,0.3252513305736251,0.4293585202676112
