fixed acidity,volatile acidity,citric acid,residual sugar,chlorides,free sulfur dioxide,total sulfur dioxide,density,pH,sulphates,alcohol
2.6315578349429196,-0.1554186430828458,1.4328031373930676,0.18531173094536857,-0.328721574372234,-0.8487155882693604,-0.6832223606177036,1.787906234443789,-1.4326538885351494,0.1289504006827337,0.4477626275616524
0.44834214451689997,-0.9375253631126514,0.6111957439229169,-0.5241661998139866,-0.5837662377119469,0.49011516072633415,0.25945562171985004,-0.9522645676206366,-0.8495188588397814,0.955133477295113,0.5416298765254124
-0.18364134481694747,1.352930031260351,0.25174250927972597,-0.31132282058617994,-0.1799455207574017,0.011961321799300349,0.8372259979912539,-0.09894251900868033,-0.2663838291444162,-0.9332849835331836,-0.5847771110397104
-0.9305309231205855,0.7942823740962041,-1.2887713534768064,-0.45321840673805114,-0.5625125157669708,0.968268999653368,-0.1358609515184789,-0.9840653893080117,0.5111295437827393,0.955133477295113,0.4477626275616524
2.6890108794278147,-1.1609844259783102,1.9463077583119117,0.0434161447934977,0.11760658647226313,-0.08366944598610641,0.016183884342416837,1.5122991131530483,-1.6918250128442014,-0.2841411376234566,0.16616088067037088
-0.18364134481694747,1.0177414369618625,-1.3914722776605752,0.0434161447934977,-0.15869179881242562,-0.46619251712773346,-0.3791326888959121,0.4522717235729776,0.8350934491690527,-0.7562457528305305,-0.8663788579309919
1.712309123184596,0.5149585455141305,2.0490086824956806,1.8880587647678215,-0.03116946714256943,-0.9443463560547672,-0.8352671964785994,1.0882881573210084,-0.5903477345307295,0.18796347758361737,2.7944438516556596
0.39088910003200494,-0.9375253631126514,1.2787517511174142,-0.31132282058617994,0.5001735814818322,-1.039977123840174,-1.1089479010282117,-0.5653545704239067,-0.007212704835364363,-0.22512806072257227,0.8232316234166939
-0.5858126562112143,0.6825528426633746,-1.3914722776605752,-0.9498529582695998,-0.4774976279870665,-0.08366944598610641,-0.774449262134241,-1.1377693607971284,0.5111295437827393,-1.1103242142358365,-0.3970426131121905
0.3334360555471099,-1.3844434888439687,0.9192985164742234,-0.5951139928899222,-0.4349901840971144,-0.8487155882693604,-1.0481299666838535,-1.6995838772745977,-0.3959693912989421,-0.6382195990287619,1.7619041130542967
0.5632482334866911,-0.2671481745156753,0.0976911230040726,-0.31132282058617994,0.8402331326014493,-0.9443463560547672,-0.9264940979951368,0.028260767740937578,-0.5903477345307295,0.36500270828627035,0.7293643744529322
-0.24109438930184252,-1.3285787231275543,1.124700364841761,-0.24037502751024437,0.18136775230719138,0.49011516072633415,0.38109149040856666,0.20846542396955312,-0.007212704835364363,0.06993732378184937,-0.30317536414843055
-0.3560004782716331,0.40322901408130096,-1.3914722776605752,0.0434161447934977,-0.6900348474368272,-0.8487155882693604,-1.0177209995116743,-0.1890448471229881,0.4463367627054749,-0.5792065221278776,0.35389537859789244
-1.1603431010601668,0.23563471693205673,0.046340660912188414,-0.31132282058617994,-0.8388109010516596,-0.2749309815569199,0.07700181868677514,-1.5935811383166023,0.6407151059372652,-0.3431542145243409,2.2312403578730984
-0.2985474337867381,0.012175654066398402,-1.340121815568691,-0.6660617859658576,-0.22245296464735387,-1.2312386594109874,-0.8352671964785994,-0.9257638828811379,-0.9791044209943073,-1.1693372911367206,-0.5847771110397104
-0.6432657006961093,0.5708233112305452,-1.3914722776605752,-0.45321840673805114,0.20262147425216745,-0.17930021377151317,-0.2574968202071955,0.0017600830014387516,0.3815439816282134,-0.4611803683261096,-1.3357151027497933
-0.7581717896658999,-0.6023367688141634,0.4057938955553791,-0.6660617859658576,0.011337976747383023,0.011961321799300349,-0.22708785303501636,-0.3427488186121048,0.18716563839642308,-0.6382195990287619,-1.1479806048222734
-0.2985474337867381,0.40322901408130096,-0.05636026327158051,-0.38227061366211557,-0.15869179881242562,1.4464228385804017,2.5705371268054655,-0.2791471752372959,-0.6551405156079939,-0.8152588297314148,-0.49090986207595044
-0.7581717896658999,-0.6023367688141634,-0.41581349791477146,-0.16942723443430907,-0.34997529631721036,0.20322285737011386,-0.31831475455155384,-1.0529671696307557,0.5111295437827393,-0.5792065221278776,0.4477626275616524
2.4591987014882335,-1.2168491916947248,2.3057609929551024,-0.24037502751024437,-0.328721574372234,-0.9443463560547672,-0.5311775247568079,1.0352867878420107,-2.79330229115767,0.955133477295113,-0.5847771110397104
-0.4709065672414237,0.2914994826484715,-0.36446303582288697,-0.38227061366211557,-0.30746785242725816,1.733315141936622,-0.07504301717412061,-0.9575647045685128,-1.367861107457885,-1.3463765218393735,-1.0541133558585118
1.0228725893658523,0.6825528426633746,0.508494819739148,1.8171109716918856,0.4789198595368562,-0.46619251712773346,0.5635452934416415,3.1023401975230955,0.057580076241897156,-0.10710190692080361,-0.021573617257149028
-0.7007187451810049,0.7384176083797893,-1.3914722776605752,0.9657374547806594,-0.03116946714256943,0.1075920895847071,-0.04463405000194146,0.4522717235729776,0.9646790113235786,-0.6972326759296462,-0.8663788579309919
-0.2985474337867381,0.40322901408130096,-0.05636026327158051,-0.38227061366211557,-0.15869179881242562,1.4464228385804017,2.5705371268054655,-0.2791471752372959,-0.6551405156079939,-0.8152588297314148,-0.49090986207595044
-0.41345352275652864,2.079171985573742,-1.0833695051092689,-0.027531648282437888,-0.1799455207574017,-1.039977123840174,-1.1089479010282117,-0.024740601738060072,0.5111295437827393,-0.5792065221278776,-0.5847771110397104
-0.9879839676054811,0.23563471693205673,-1.2887713534768064,-0.31132282058617994,0.5851884692617366,-0.9443463560547672,-0.9264940979951368,-0.10954279290449162,0.4463367627054749,0.18796347758361737,-0.8663788579309919
0.046170833122633696,0.5149585455141305,-0.7752667325579624,-0.5241661998139866,-0.328721574372234,2.115838213078249,-0.014225082829762314,-0.9045633350895153,0.4463367627054749,1.3682250156013032,1.2925678682354953
-0.24109438930184252,0.012175654066398402,-0.15906118745534942,-0.38227061366211557,-0.328721574372234,-0.08366944598610641,1.7799039803288075,-0.39575018809110246,-0.2663838291444162,-0.6972326759296462,-0.9602461068947519
0.3334360555471099,0.5149585455141305,-0.41581349791477146,0.9657374547806594,1.75414317623542,3.359038194288537,3.087489568732511,0.982285418363013,-0.9143116399170458,1.6042773232048406,-1.1479806048222734
1.827215212154386,-1.2168491916947248,1.22740128902553,-0.24037502751024437,-0.1799455207574017,-0.17930021377151317,-0.561586491928987,0.7702799404469636,-1.8214105749987273,1.6042773232048406,-0.5847771110397104
-0.24109438930184252,1.3249976484021435,-1.3914722776605752,-0.38227061366211557,-0.0736769110325213,-0.657454052698547,-0.7440402949620619,-0.2950475860809834,0.12237285731916156,0.1289504006827337,0.4477626275616524
-1.102890056575271,0.6266880769469598,-0.31311257373100265,-0.5241661998139866,-0.13743807686744955,-0.17930021377151317,-0.47035959041244957,0.075962000272059,1.8069851653279956,0.010924246880965043,-0.5847771110397104
-0.5283596117263187,-0.6582015345305782,-0.15906118745534942,-0.5241661998139866,-0.4562439060420904,0.20322285737011386,0.016183884342416837,-0.6077556660070931,0.3815439816282134,-0.22512806072257227,-0.021573617257149028
0.3334360555471099,1.939510071282705,-0.723916270466078,0.6464723859389497,0.011337976747383023,-1.1356078916255807,-0.9873120323394952,1.406296374194994,0.8350934491690527,-0.8152588297314148,1.0109661213442138
-0.5858126562112143,-0.5464720030977487,-0.15906118745534942,-0.027531648282437888,-0.20119924270237777,1.0638997674387747,0.6243632277859998,-0.14134361459186667,1.87177794640526,-0.4021672914252252,0.6354971254891724
-0.3560004782716331,-0.5464720030977487,-0.10771072536346497,0.0434161447934977,-0.30746785242725816,1.2551613030095883,0.5027273590972833,-0.316248133872606,0.3815439816282134,-0.4611803683261096,0.07229363170661092
-0.18364134481694747,-1.9430911460081157,0.508494819739148,-1.1626963374974064,-0.8175571791066835,1.9245766775074356,1.9015398490175242,-3.5387313981960045,-2.7285095100804058,-1.2873634449384892,2.1373731089093364
0.6207012779715861,-1.4403082545603836,1.3301022132092988,-0.09847944135837348,-0.2862141304822818,-0.9443463560547672,-0.8656761636507785,-0.2897474491331072,-0.7199332966852555,2.7845388612225253,1.4803023661630152
-0.7581717896658999,-0.09955387736643106,-0.9293181188336156,-0.31132282058617994,-0.5412587938219947,-1.1356078916255807,-1.139356868200391,-0.480552379257534,0.25195841947368747,-0.6972326759296462,0.07229363170661092
-0.18364134481694747,1.0456738198200697,-0.2617621116391182,-0.16942723443430907,-0.264960408537306,-0.2749309815569199,1.0500887681965079,0.07066186332412393,-0.46076217237620365,-0.6972326759296462,-0.8663788579309919
0.16107692209242377,-0.32301294023209004,0.14904158509595705,0.32720731709723977,-0.24370668659232994,1.350792070794995,2.692172995494182,0.4522717235729776,-0.07200548591262876,-0.7562457528305305,-0.9602461068947519
-0.24109438930184252,-1.1051196602618953,0.7138966681066855,-0.7370095790417932,-0.6687811254918511,-0.9443463560547672,-0.34872372172373295,-1.4769781254627958,-0.13679826698989028,0.30598963138538604,0.5416298765254124
-0.8730778786356905,0.6266880769469598,-0.8779676567417312,-0.31132282058617994,-0.052423189087545216,0.20322285737011386,1.658268111640091,-0.6077556660070931,0.18716563839642308,-0.8152588297314148,-0.2093081151846706
0.3334360555471099,0.3473642483648862,1.1760508269336454,-0.38227061366211557,5.303514741046422,1.0638997674387747,1.0500887681965079,-0.18374471017511187,-1.7566177939214629,5.617166552464972,-0.8663788579309919
-0.06873525584715741,-1.3844434888439687,0.6625462060148014,-0.09847944135837348,-0.7537960132717553,-1.1356078916255807,-1.1089479010282117,-1.6889836033787864,0.12237285731916156,0.2469765544845017,2.2312403578730984
-1.5625144124544335,2.162969134148364,-1.3914722776605752,-0.31132282058617994,-0.987586954666492,0.1075920895847071,0.9588618666799705,-1.741984972857784,2.3901201950233637,0.42401578518715466,0.9170988723804538
-0.8156248341507949,-0.21128340879926055,-0.8779676567417312,-0.16942723443430907,-0.2862141304822818,-0.37056174934232666,-0.5007685575846287,-0.4487515575701001,0.7055078870145267,-0.4611803683261096,-0.2093081151846706
-1.3901552789997473,0.12390518549922787,-0.8779676567417312,-0.24037502751024437,-0.5412587938219947,2.2114689808636556,0.13781975303113345,-0.8621622395063289,1.3534356977871564,0.6010550158898077,0.7293643744529322
0.16107692209242377,0.8780795226708262,-0.8779676567417312,-0.6660617859658576,0.09635286452728704,-1.2312386594109874,-1.0481299666838535,0.3727696693544223,-0.007212704835364363,-0.04808883001991929,-0.8194452334491111
1.3675908562752237,-0.9933901288290662,1.3301022132092988,0.0434161447934977,-0.37122901826218613,-1.039977123840174,-0.9264940979951368,0.24026624565692817,-1.0438972020715718,-0.04808883001991929,0.5416298765254124
-1.2177961455450617,-0.043689111650016335,-0.9806685809254999,1.3204764201603374,-0.34997529631721036,-0.46619251712773346,-0.4399506232402704,-0.15194388848767798,1.6126068220962082,-0.16611498382168793,1.1048333703079738
-0.3560004782716331,0.1797699512156426,-0.36446303582288697,-0.38227061366211557,-0.264960408537306,-0.657454052698547,-0.22708785303501636,1.0352867878420107,1.0942645734781045,-0.22512806072257227,-1.0541133558585118
-0.2985474337867381,0.012175654066398402,0.30309297137161045,-0.09847944135837348,-0.15869179881242562,0.7770074640825544,2.9658537000437946,-0.10424265595655655,-0.07200548591262876,-0.3431542145243409,-0.8663788579309919
1.1952317228205385,-0.49060723738133394,0.76524713019857,-0.7370095790417932,1.222800127611018,1.733315141936622,0.04659285151459599,0.8338815838217725,0.4463367627054749,1.1911857848986502,-0.49090986207595044
-0.011282211362261343,-1.3844434888439687,1.0733499027498765,-0.31132282058617994,0.11760658647226313,-0.9443463560547672,-1.0481299666838535,-1.4133764820879868,-0.3311766102216806,-0.22512806072257227,1.8557713620180567
-0.18364134481694747,0.3473642483648862,-1.1347199672011534,-0.38227061366211557,0.0325916986923591,-0.37056174934232666,-0.4399506232402704,0.31976829987542466,0.316751200550949,-0.2841411376234566,-0.3970426131121905
0.6781543224564811,1.1574033512528992,-0.8779676567417312,-0.31132282058617994,-0.1799455207574017,-0.9443463560547672,-0.47035959041244957,0.982285418363013,-0.525554953453468,-0.5792065221278776,-0.30317536414843055
-1.2752491900299572,0.2914994826484715,-0.21041164954723374,-0.027531648282437888,-0.9238257888315639,0.011961321799300349,0.7155901293025373,-1.710184151170409,0.9646790113235786,-0.04808883001991929,1.9496386109818167
-1.102890056575271,0.906011905529033,-1.3914722776605752,-0.6305878894278899,-0.6900348474368272,-0.8487155882693604,-1.0481299666838535,-2.717210171271482,1.029471792400843,-0.7562457528305305,2.325107606836858
-0.06873525584715741,1.129470968394692,-0.31311257373100265,-0.5951139928899222,-0.2862141304822818,-1.039977123840174,-1.0177209995116743,0.028260767740937578,-0.7199332966852555,-0.8152588297314148,-0.8663788579309919
-0.3560004782716331,-1.6637673174260423,0.508494819739148,-0.5241661998139866,-0.8813183449416118,0.6813766962971477,0.41150045758074577,0.18726487617793053,0.6407151059372652,0.30598963138538604,1.5741696151267752
-0.41345352275652864,-0.9375253631126514,0.2003920471878415,-0.5951139928899222,-0.1799455207574017,0.968268999653368,0.5635452934416415,0.21906569786536442,0.9646790113235786,-0.22512806072257227,-0.8663788579309919
1.3101378117903286,-1.2168491916947248,1.124700364841761,-0.027531648282437888,-0.4349901840971144,-0.9443463560547672,-0.774449262134241,1.0352867878420107,-0.3311766102216806,1.1911857848986502,0.26002812963413086
-0.9879839676054811,0.1797699512156426,-0.6725658083741934,-0.09847944135837348,-0.4987513499320426,-0.2749309815569199,-0.5311775247568079,-1.4716779885148608,0.7055078870145267,-0.22512806072257227,1.1987006192717338
1.0803256338507474,0.6546204598051673,0.4571443576472635,-0.5241661998139866,-0.7325422913267793,-1.039977123840174,-0.9873120323394952,0.7702799404469636,-0.9143116399170458,-1.4053895987402578,-0.3970426131121905
-0.9305309231205855,-0.2671481745156753,-1.2887713534768064,-0.24037502751024437,-0.15869179881242562,1.9245766775074356,1.9623577833618824,-0.79856059613152,-1.367861107457885,-0.7562457528305305,-0.6786443600034721
-0.6432657006961093,0.5149585455141305,-1.0833695051092689,0.1143639378694333,-0.22245296464735387,-0.08366944598610641,1.1717246368852245,0.37806980630235737,1.288642916709892,-0.6972326759296462,-0.8663788579309919
-0.5858126562112143,1.1853357341111066,-0.9806685809254999,-0.5951139928899222,0.1388603084172392,-0.5618232849131403,-0.04463405000194146,-0.5229534748407204,-0.46076217237620365,-0.9332849835331836,-0.5847771110397104
-0.9305309231205855,0.8222147569544115,-1.0320190430173843,-0.09847944135837348,0.0325916986923591,0.1075920895847071,1.080497735368687,-0.5017529270490978,0.25195841947368747,-0.6972326759296462,-0.30317536414843055
2.114480434578862,-0.8257958316798221,1.4841535994849522,-0.31132282058617994,0.11760658647226313,-0.9443463560547672,-0.6832223606177036,1.3267943199764978,-1.1086899831488333,0.30598963138538604,0.4477626275616524
0.21852996657731882,0.906011905529033,0.2003920471878415,0.32720731709723977,-0.03116946714256943,0.6813766962971477,1.0500887681965079,1.8303073300270343,1.0942645734781045,0.483028862088039,1.1048333703079738
0.44834214451689997,1.3808624141185581,-0.2617621116391182,-0.24037502751024437,-0.1799455207574017,-0.37056174934232666,0.04659285151459599,0.4522717235729776,-0.8495188588397814,-0.8742719066322993,-0.772511608967232
-0.18364134481694747,-0.8257958316798221,0.8679480543823389,-0.45321840673805114,0.22387519619714352,-0.9443463560547672,-0.9569030651673159,-0.6077556660070931,-0.07200548591262876,-0.10710190692080361,0.9170988723804538
-0.011282211362261343,-0.6023367688141634,0.5598452818310324,-0.027531648282437888,0.1388603084172392,0.7770074640825544,0.41150045758074577,0.6112758320099706,-0.007212704835364363,0.2469765544845017,0.35389537859789244
-0.41345352275652864,-0.6582015345305782,1.124700364841761,-0.38227061366211557,0.011337976747383023,0.011961321799300349,-0.10545198434629977,0.6642772014889682,1.0942645734781045,-0.10710190692080361,-1.2418478537860334
1.0228725893658523,-0.4347424716649192,-0.21041164954723374,-0.45321840673805114,-0.11618435492247375,-0.5618232849131403,-0.8656761636507785,0.526473640843539,-0.5903477345307295,-0.04808883001991929,-1.0541133558585118
2.6890108794278147,-0.32301294023209004,1.124700364841761,1.2495286270844015,-0.052423189087545216,-0.9443463560547672,0.016183884342416837,2.8373333501281075,-0.07200548591262876,0.1289504006827337,2.1373731089093364
-0.2985474337867381,0.1797699512156426,-0.41581349791477146,-0.38227061366211557,-0.13743807686744955,0.1075920895847071,1.871130881845345,-0.2897474491331072,0.057580076241897156,-0.6972326759296462,-0.8663788579309919
1.1377786783356436,-0.6582015345305782,0.76524713019857,-0.09847944135837348,2.6680532198693903,-0.9443463560547672,-0.9873120323394952,1.406296374194994,-0.7847260777625199,-0.22512806072257227,-0.8663788579309919
-0.06873525584715741,2.6378196427378886,-0.9293181188336156,-0.16942723443430907,-0.4774976279870665,-0.8487155882693604,-0.28790578737937467,0.0547614524804364,0.057580076241897156,-0.6382195990287619,-1.3357151027497933
0.7930604114262713,-1.2168491916947248,1.021999440657992,-0.6660617859658576,-0.5412587938219947,-0.2749309815569199,-0.4095416560680913,0.8232813099259612,-0.2663838291444162,0.010924246880965043,-0.3970426131121905
0.6781543224564811,0.3473642483648862,0.8679480543823389,-0.16942723443430907,-0.34997529631721036,0.49011516072633415,0.654772194958179,1.300293635236999,0.9646790113235786,-0.16611498382168793,-0.8663788579309919
0.10362387760752874,0.31943186550667885,-0.4671639600066559,-0.31132282058617994,-0.20119924270237777,-1.039977123840174,-0.5007685575846287,-0.024740601738060072,-0.7199332966852555,-1.0513111373349522,-0.5847771110397104
1.3101378117903286,-0.9375253631126514,1.535504061576836,-0.16942723443430907,-0.009915745197593352,-0.9443463560547672,-0.8048582293064203,0.0070602199493149794,-1.1086899831488333,0.36500270828627035,0.6354971254891724
0.10362387760752874,-1.7754968488588718,1.2787517511174142,-0.45321840673805114,0.05384542063733489,-0.657454052698547,-0.7136313277898828,-0.14134361459186667,0.316751200550949,0.06993732378184937,-0.021573617257149028
-0.18364134481694747,-0.043689111650016335,-1.237420891384922,-0.5951139928899222,-0.37122901826218613,-0.5618232849131403,-0.34872372172373295,-0.5282536117885966,0.18716563839642308,-0.520193445226994,-0.3970426131121905
-0.41345352275652864,-0.09955387736643106,-0.15906118745534942,-0.09847944135837348,0.07509914258231097,-0.7530848204839538,-0.2574968202071955,0.6642772014889682,1.029471792400843,0.010924246880965043,-0.772511608967232
0.39088910003200494,1.436727179834973,-0.15906118745534942,-0.5951139928899222,-0.20119924270237777,-0.5618232849131403,-0.774449262134241,0.09186241111574653,-0.13679826698989028,0.06993732378184937,-0.3970426131121905
-0.011282211362261343,0.6825528426633746,-0.8779676567417312,0.25625952402130414,0.0325916986923591,0.1075920895847071,-0.19667888586283722,0.6801776123326557,-0.13679826698989028,-0.6382195990287619,-0.8663788579309919
-0.5283596117263187,0.3473642483648862,-0.9806685809254999,1.3204764201603374,-0.03116946714256943,-0.9443463560547672,-0.5311775247568079,0.3462689846149235,0.4463367627054749,-0.9332849835331836,-1.3357151027497933
1.4250439007601197,-0.7140663002469926,0.7138966681066855,-0.24037502751024437,-0.0736769110325213,-0.8487155882693604,-0.8960851308229577,0.8762826794049589,-1.497446669612411,0.06993732378184937,-1.0541133558585118
0.505795189001795,0.012175654066398402,-0.15906118745534942,0.0434161447934977,-0.20119924270237777,1.1595305352241814,2.813808864182899,0.6006755581141593,-0.6551405156079939,-0.520193445226994,-0.8663788579309919
-0.06873525584715741,1.129470968394692,-0.31311257373100265,-0.5951139928899222,-0.2862141304822818,-1.039977123840174,-1.0177209995116743,0.028260767740937578,-0.7199332966852555,-0.8152588297314148,-0.8663788579309919
-0.8730778786356905,0.3473642483648862,-1.0833695051092689,2.4556411093753057,-0.5837662377119469,-0.46619251712773346,-0.8656761636507785,-0.2897474491331072,0.6407151059372652,-0.4021672914252252,0.35389537859789244
-0.24109438930184252,-0.21128340879926055,0.25174250927972597,-0.45321840673805114,-0.11618435492247375,0.1075920895847071,2.9658537000437946,0.028260767740937578,-0.7199332966852555,-0.6382195990287619,-0.8663788579309919
2.057027390093967,0.2914994826484715,1.9976582204037963,-0.027531648282437888,-0.328721574372234,-0.9443463560547672,-0.28790578737937467,1.300293635236999,-1.6918250128442014,-0.5792065221278776,-0.3970426131121905
-0.6432657006961093,1.129470968394692,-1.2887713534768064,-0.027531648282437888,-0.24370668659232994,0.011961321799300349,-0.1358609515184789,0.24026624565692817,0.8350934491690527,-0.8152588297314148,-1.0541133558585118
0.9079665003960623,0.06804041978281314,-0.05636026327158051,-0.38227061366211557,0.5001735814818322,-0.8487155882693604,0.41150045758074577,0.1819647392300543,-2.4045456046940923,1.8993427077092615,-0.2093081151846706
0.6781543224564811,-0.8816605973962368,1.2787517511174142,-0.38227061366211557,-0.11618435492247375,-0.9443463560547672,-0.6224044262733454,0.6642772014889682,-0.8495188588397814,-0.8742719066322993,-0.8663788579309919
-1.0454370120903762,0.5708233112305452,0.30309297137161045,-0.5241661998139866,-0.605019959656923,0.011961321799300349,-0.561586491928987,-0.7614596374962098,0.316751200550949,-0.10710190692080361,-0.30317536414843055
0.21852996657731882,0.9618766712454476,-0.15906118745534942,-0.027531648282437888,2.9443516051540795,-1.039977123840174,-0.9569030651673159,1.2472922657580012,0.057580076241897156,-0.3431542145243409,-1.3357151027497933
0.21852996657731882,0.906011905529033,-1.3914722776605752,0.46910290324911097,-0.0736769110325213,-0.2749309815569199,-0.4095416560680913,1.300293635236999,0.316751200550949,-1.228350368037605,-0.9602461068947519
1.712309123184596,-0.8816605973962368,1.1760508269336454,-0.5241661998139866,0.05384542063733489,0.3944843929409274,0.016183884342416837,0.3144681629275484,-1.0438972020715718,-0.520193445226994,0.07229363170661092
1.4250439007601197,2.023307219857327,0.14904158509595705,0.0434161447934977,0.9465017423263297,-0.8487155882693604,0.41150045758074577,0.590075284218348,-2.080581699307776,3.0796042457269466,-0.2093081151846706
-0.2985474337867381,0.3473642483648862,-0.4671639600066559,-0.16942723443430907,-0.24370668659232994,0.1075920895847071,0.2290466545476709,0.39927035409398,0.7703006680917912,-0.4021672914252252,-0.3970426131121905
-0.2985474337867381,0.6546204598051673,-1.3914722776605752,-0.38227061366211557,-0.11618435492247375,-0.7530848204839538,-0.9264940979951368,-0.18374471017511187,0.4463367627054749,-0.4021672914252252,-0.5847771110397104
-0.7581717896658999,0.906011905529033,-0.9806685809254999,-0.5241661998139866,0.20262147425216745,0.5857459285117409,1.2933605055739412,-0.4487515575701001,0.18716563839642308,-0.6972326759296462,-1.1479806048222734
-0.18364134481694747,-1.9430911460081157,0.508494819739148,-1.1626963374974064,-0.8175571791066835,1.9245766775074356,1.9015398490175242,-3.5387313981960045,-2.7285095100804058,-1.2873634449384892,2.1373731089093364
-0.7007187451810049,0.40322901408130096,-1.3914722776605752,-0.5241661998139866,-0.2862141304822818,0.011961321799300349,-0.3791326888959121,0.24026624565692817,1.029471792400843,0.2469765544845017,-0.49090986207595044
-1.2177961455450617,-0.9375253631126514,-0.15906118745534942,-0.24037502751024437,0.16011403036221528,0.2988536251555206,-0.1358609515184789,-1.1377693607971284,1.6773996031734697,-0.520193445226994,1.1987006192717338
-0.41345352275652864,-0.21128340879926055,0.30309297137161045,-0.45321840673805114,-0.2862141304822818,1.0638997674387747,1.1717246368852245,0.16606432838630794,0.6407151059372652,-0.4611803683261096,-1.3357151027497933
-0.24109438930184252,-1.1609844259783102,1.22740128902553,-0.5241661998139866,5.388529628826326,0.1075920895847071,0.2898645888920292,0.08126213721993523,-1.7566177939214629,2.489473476718105,-1.1479806048222734
2.057027390093967,0.23563471693205673,1.1760508269336454,0.0434161447934977,-0.11618435492247375,-0.9443463560547672,-0.4399506232402704,2.042312807943025,-1.2382755453033591,0.7190811696915763,0.26002812963413086
-0.06873525584715741,2.6378196427378886,-0.9293181188336156,-0.16942723443430907,-0.4774976279870665,-0.8487155882693604,-0.28790578737937467,0.0547614524804364,0.057580076241897156,-0.6382195990287619,-1.3357151027497933
-0.7007187451810049,-1.2168491916947248,0.14904158509595705,-0.24037502751024437,-0.7325422913267793,1.9245766775074356,2.448901258116749,-0.13074334069605537,-2.4045456046940923,5.676179629365856,-0.8663788579309919
-1.0454370120903762,0.45909377979771565,-1.3914722776605752,-0.24037502751024437,0.16011403036221528,3.0721458909323167,0.38109149040856666,-0.7084582680172121,1.9365707274825215,0.2469765544845017,1.0109661213442138
-0.011282211362261343,0.06804041978281314,0.046340660912188414,-0.45321840673805114,-0.22245296464735387,-0.46619251712773346,-0.19667888586283722,0.5582744625309729,0.5111295437827393,-0.2841411376234566,-0.3970426131121905
0.046170833122633696,0.1797699512156426,-1.1860704292930377,-0.38227061366211557,-0.11618435492247375,-0.5618232849131403,-0.7440402949620619,0.4522717235729776,-0.5903477345307295,-1.2873634449384892,-0.772511608967232
2.803916968397605,-0.37887770594850445,1.2787517511174142,-0.24037502751024437,-0.34997529631721036,-0.37056174934232666,-0.34872372172373295,2.042312807943025,-1.367861107457885,-0.5792065221278776,-1.3357151027497933
-0.7007187451810049,-1.0492548945454807,0.046340660912188414,-0.38227061366211557,-0.11618435492247375,1.4464228385804017,0.654772194958179,0.10246268501155782,0.8998862302463171,-1.0513111373349522,-0.9602461068947519
-0.9879839676054811,-0.1554186430828458,-1.1860704292930377,-0.31132282058617994,-0.4137364621521383,-0.9443463560547672,-0.9873120323394952,-0.6607570354860908,0.5111295437827393,-0.10710190692080361,-0.9602461068947519
-0.5858126562112143,0.3473642483648862,-0.05636026327158051,3.307014626286532,-0.37122901826218613,1.8289459097220289,2.266447455083674,0.7172785709679659,0.3815439816282134,-0.9922980604340679,-0.9602461068947519
-0.5283596117263187,3.6713178084915605,-1.3914722776605752,1.214054730546434,0.20262147425216745,-1.039977123840174,-0.9873120323394952,-0.07774197121705773,2.0661562896370476,-0.6972326759296462,0.26002812963413086
-1.1603431010601668,2.749549174170718,-1.3914722776605752,-0.38227061366211557,-0.09493063297749738,0.1075920895847071,-0.6832223606177036,-1.2596725105988702,1.8069851653279956,-0.6382195990287619,0.7293643744529322
0.9654195448809574,-1.1609844259783102,1.638204985760605,-0.24037502751024437,-0.22245296464735387,-1.2312386594109874,-0.9569030651673159,1.406296374194994,-0.7199332966852555,0.7190811696915763,-0.772511608967232
-0.24109438930184252,0.2914994826484715,-0.21041164954723374,-0.16942723443430907,-0.24370668659232994,0.6813766962971477,1.445405341434837,0.06006158942831263,-0.6551405156079939,-0.4611803683261096,-0.8663788579309919
0.3334360555471099,-1.6079025517096277,0.6111957439229169,-0.6660617859658576,-0.2862141304822818,-1.2312386594109874,-1.1089479010282117,0.12366323280312158,-1.2382755453033591,-0.4021672914252252,-0.8663788579309919
-0.12618830033205244,1.4087947969767656,-0.21041164954723374,0.0434161447934977,-0.605019959656923,-1.039977123840174,-0.9569030651673159,0.1342635066989329,0.3815439816282134,-0.5792065221278776,0.8232316234166939
-0.9879839676054811,-0.49060723738133394,-0.6212153462823091,-0.31132282058617994,-0.24370668659232994,0.5857459285117409,0.19863768737549173,-0.5547542965280954,0.057580076241897156,-0.22512806072257227,-1.0541133558585118
-0.9305309231205855,1.297065265543936,-1.2887713534768064,-0.5241661998139866,-0.20119924270237777,-0.9443463560547672,-1.0481299666838535,-0.39575018809110246,1.5478140410189438,-0.16611498382168793,-0.44397623759407134
-0.7581717896658999,0.40322901408130096,0.14904158509595705,1.3914242132362726,-0.4137364621521383,0.3944843929409274,1.9319488161897034,1.2684928135496238,-0.07200548591262876,3.0205911688260625,-0.2093081151846706
1.1377786783356436,-1.0492548945454807,1.2787517511174142,0.18531173094536857,1.5203522348406833,-0.08366944598610641,0.8676349651634331,1.6183018521110437,-0.8495188588397814,-0.10710190692080361,-0.9602461068947519
1.1952317228205385,-0.8257958316798221,0.9706489785661079,-0.31132282058617994,0.35139752786699974,-0.9443463560547672,-1.1089479010282117,-0.056541423425493974,-1.2382755453033591,-0.04808883001991929,1.2925678682354953
0.44834214451689997,-0.043689111650016335,0.30309297137161045,-0.8789051651936642,-0.37122901826218613,-0.657454052698547,-0.5007685575846287,0.5582744625309729,-0.46076217237620365,-0.3431542145243409,-1.0541133558585118
0.7356073669413762,-0.6582015345305782,0.508494819739148,-0.16942723443430907,0.07509914258231097,-0.5618232849131403,-0.7136313277898828,0.590075284218348,-0.46076217237620365,-0.5792065221278776,0.07229363170661092
0.9079665003960623,-0.9933901288290662,1.4328031373930676,-0.31132282058617994,-0.5412587938219947,-1.039977123840174,-0.9873120323394952,0.18726487617793053,-0.3311766102216806,0.7780942465924606,0.16616088067037088
1.0803256338507474,0.06804041978281314,0.508494819739148,9.124733658513247,2.6893069418143662,3.741561265430164,1.4758143086070161,3.680055124844252,-0.8495188588397814,0.660068092790692,-1.3357151027497933
0.27598301106221484,0.45909377979771565,-0.6725658083741934,-0.09847944135837348,-0.4349901840971144,-0.5618232849131403,-0.1358609515184789,0.08126213721993523,-0.7847260777625199,-0.4021672914252252,-0.8663788579309919
-0.7007187451810049,1.7439833912752534,-1.2887713534768064,1.3204764201603374,0.18136775230719138,-1.039977123840174,-1.0177209995116743,0.1342635066989329,0.6407151059372652,-0.520193445226994,0.5416298765254124
0.27598301106221484,0.40322901408130096,0.0976911230040726,-0.24037502751024437,0.22387519619714352,-1.039977123840174,-0.9569030651673159,1.0882881573210084,0.316751200550949,-0.9922980604340679,-1.2418478537860334
2.114480434578862,-0.7699310659634073,1.9976582204037963,0.32720731709723977,0.11760658647226313,-0.37056174934232666,-0.5007685575846287,1.5122991131530483,-0.8495188588397814,-0.16611498382168793,0.35389537859789244
0.6207012779715861,-0.7140663002469926,0.2003920471878415,-0.24037502751024437,0.05384542063733489,-0.2749309815569199,0.4723183919251041,-0.07774197121705773,-1.5622394506896755,-0.16611498382168793,0.07229363170661092
-0.12618830033205244,0.7942823740962041,1.4328031373930676,-0.5241661998139866,0.6276959131516887,1.5420536063658086,2.874626798527257,0.028260767740937578,-0.9143116399170458,-0.22512806072257227,-0.9602461068947519
1.1952317228205385,-0.49060723738133394,2.357111455046987,2.845853971292951,-0.2862141304822818,2.115838213078249,0.8980439323356122,1.1942908962790035,-0.9143116399170458,1.132172707997766,1.4803023661630152
-0.4709065672414237,-0.7140663002469926,-0.7752667325579624,0.32720731709723977,0.09635286452728704,1.2551613030095883,0.19863768737549173,-0.024740601738060072,0.3815439816282134,0.2469765544845017,-0.11544086622090897
-0.5283596117263187,0.5708233112305452,-1.0320190430173843,-0.09847944135837348,0.05384542063733489,-0.46619251712773346,-0.28790578737937467,0.6112758320099706,0.7703006680917912,0.6010550158898077,-0.6786443600034721
-0.7007187451810049,0.7384176083797893,-1.3914722776605752,-0.09847944135837348,-0.7537960132717553,-0.9443463560547672,-1.0785389338560325,-1.8903888073990245,0.25195841947368747,0.010924246880965043,2.1373731089093364
-1.5625144124544335,1.799848156991668,-1.1347199672011534,-0.8079573721177288,-0.9025720668865879,-0.37056174934232666,1.262951538401762,-2.3037994893352534,1.6126068220962082,0.955133477295113,2.325107606836858
-1.9072326793638048,-0.8257958316798221,-1.340121815568691,-0.6660617859658576,-0.8388109010516596,0.968268999653368,0.41150045758074577,-3.130620853207652,2.51970575717789,0.5420419389889234,3.357647345438221
-0.011282211362261343,-1.2168491916947248,0.6111957439229169,-0.09847944135837348,-0.20119924270237777,0.1075920895847071,-0.10545198434629977,-1.22257155196356,-0.007212704835364363,0.660068092790692,1.9496386109818167
0.27598301106221484,-1.4403082545603836,0.6111957439229169,-0.38227061366211557,0.26638264008709567,0.3944843929409274,-0.5919954591011661,-0.6819575832777133,-1.0438972020715718,0.18796347758361737,0.7293643744529322
0.6781543224564811,1.8557129227080829,-0.05636026327158051,-0.45321840673805114,-0.1799455207574017,-0.2749309815569199,-0.561586491928987,0.19786515007374184,-0.3959693912989421,-0.22512806072257227,-0.3970426131121905
0.3334360555471099,1.7439833912752534,0.3544434334634949,-0.8079573721177288,-0.7963034571617075,-1.1356078916255807,-1.1089479010282117,-0.639556487694527,-1.2382755453033591,-1.0513111373349522,-1.2418478537860334
-0.9879839676054811,0.5708233112305452,-1.3914722776605752,1.2495286270844015,0.11760658647226313,3.359038194288537,0.9436573830938809,-0.6183559399029044,-0.7199332966852555,-1.228350368037605,-0.8663788579309919
-0.4709065672414237,-1.4403082545603836,0.3544434334634949,-0.16942723443430907,-0.7963034571617075,-1.1356078916255807,-1.16976583537257,-0.8727625134021402,0.5759223248600008,-0.10710190692080361,0.5416298765254124
-0.5283596117263187,-0.9375253631126514,0.3544434334634949,-0.5241661998139866,-0.264960408537306,0.20322285737011386,-0.2574968202071955,-1.8267871640242155,0.4463367627054749,1.3092119387004189,2.9821783495831795
-0.41345352275652864,0.5708233112305452,-1.237420891384922,-0.38227061366211557,-0.15869179881242562,1.0638997674387747,-0.10545198434629977,-0.5123532009449091,0.8350934491690527,-0.10710190692080361,0.4477626275616524
0.3334360555471099,-0.5464720030977487,0.9192985164742234,-0.45321840673805114,-0.7537960132717553,-0.9443463560547672,-0.9264940979951368,-1.031766621839133,0.25195841947368747,0.2469765544845017,1.9496386109818167
0.44834214451689997,0.40322901408130096,-1.3914722776605752,-0.45321840673805114,-0.6262736816018989,-1.039977123840174,-1.1089479010282117,0.5052730930519753,-0.8495188588397814,-0.16611498382168793,-0.021573617257149028
-0.3560004782716331,-0.21128340879926055,-0.05636026327158051,-0.45321840673805114,-0.5412587938219947,-0.657454052698547,-0.47035959041244957,-0.07774197121705773,0.5111295437827393,-0.10710190692080361,-0.772511608967232
-0.5283596117263187,0.8501471398126188,-0.5698648841904247,-0.5241661998139866,-0.20119924270237777,-0.37056174934232666,-0.22708785303501636,0.5052730930519753,1.2238501356326303,0.2469765544845017,-0.49090986207595044
0.8505134559111673,-1.552037785993213,1.124700364841761,0.1143639378694333,0.011337976747383023,-0.08366944598610641,-0.4095416560680913,0.7702799404469636,0.7055078870145267,1.4272380925021877,-0.3970426131121905
0.505795189001795,-0.37887770594850445,-0.21041164954723374,0.0434161447934977,0.07509914258231097,0.20322285737011386,0.9284528995077913,1.3108939091328102,-1.0438972020715718,-0.8742719066322993,-0.9602461068947519
-0.24109438930184252,-0.09955387736643106,-0.10771072536346497,0.25625952402130414,-0.22245296464735387,0.49011516072633415,-0.04463405000194146,0.3462689846149235,1.1590573545553688,1.7813165539074929,1.5741696151267752
-1.2752491900299572,-1.7754968488588718,0.6625462060148014,-0.8079573721177288,-0.4562439060420904,2.354915132541766,3.6044420106595565,-2.939815923083284,-0.3959693912989421,-0.4021672914252252,1.3864351171992553
1.884668256639281,-0.6582015345305782,1.5868545236687206,0.18531173094536857,0.18136775230719138,0.8726382318679612,1.658268111640091,1.8515078778186569,-1.1734827642260977,-0.7562457528305305,-0.3970426131121905
-0.41345352275652864,-0.37887770594850445,-0.8266171946498468,0.0434161447934977,-0.1799455207574017,-0.37056174934232666,0.07700181868677514,0.028260767740937578,-0.6551405156079939,-0.520193445226994,-0.3970426131121905
0.046170833122633696,-0.7699310659634073,-0.8779676567417312,-0.5951139928899222,-0.264960408537306,-0.9443463560547672,-0.6528133934455245,-0.49645279010122156,-1.4326538885351494,-1.3463765218393735,-0.6786443600034721
-0.8730778786356905,0.7384176083797893,-1.0320190430173843,-0.6660617859658576,-0.37122901826218613,0.011961321799300349,0.44190942475292494,-0.5441540226322841,-0.13679826698989028,-0.3431542145243409,-1.0541133558585118
-1.102890056575271,1.8836453055662903,-1.237420891384922,0.46910290324911097,-0.34997529631721036,1.0638997674387747,0.3506825232363875,-0.9257638828811379,1.9365707274825215,-0.9922980604340679,2.1373731089093364
-0.4709065672414237,0.23563471693205673,-1.2887713534768064,0.0434161447934977,-0.22245296464735387,-0.46619251712773346,-0.34872372172373295,-0.6236560768508395,0.316751200550949,-0.22512806072257227,0.35389537859789244
2.114480434578862,-0.8816605973962368,2.51116284132264,1.1785808340084662,-0.4562439060420904,-0.8487155882693604,-0.2574968202071955,1.9363100689850294,-0.5903477345307295,-0.3431542145243409,2.418974855800618
-0.011282211362261343,-1.4961730202767982,0.76524713019857,-0.38227061366211557,-0.15869179881242562,-0.46619251712773346,-0.5919954591011661,0.3462689846149235,-0.6551405156079939,0.8371073234933449,-0.9602461068947519
-1.102890056575271,0.23563471693205673,-1.2887713534768064,-0.5241661998139866,-0.4349901840971144,-1.1356078916255807,-1.0785389338560325,0.1342635066989329,0.9646790113235786,0.1289504006827337,-0.8663788579309919
-0.3560004782716331,-0.09955387736643106,0.046340660912188414,-0.31132282058617994,-0.009915745197593352,0.6813766962971477,0.2290466545476709,0.6642772014889682,0.7055078870145267,0.483028862088039,-1.1479806048222734
1.769762167669491,0.40322901408130096,1.124700364841761,0.1143639378694333,-0.052423189087545216,-0.5618232849131403,-0.16626991869065808,1.406296374194994,-1.0438972020715718,-0.16611498382168793,0.07229363170661092
-0.7007187451810049,-0.9375253631126514,0.14904158509595705,-0.6660617859658576,-0.15869179881242562,1.8289459097220289,0.7155901293025373,0.09716254806362276,0.8350934491690527,-0.9332849835331836,-0.9602461068947519
-0.011282211362261343,1.0456738198200697,-0.6212153462823091,-0.5241661998139866,0.0325916986923591,-0.5618232849131403,0.1682287202033126,0.028260767740937578,-0.525554953453468,0.660068092790692,-0.8663788579309919
-0.12618830033205244,1.073606202678277,-0.9293181188336156,0.18531173094536857,-0.0736769110325213,0.20322285737011386,0.07700181868677514,1.406296374194994,0.7703006680917912,0.36500270828627035,0.6354971254891724
-0.4709065672414237,0.45909377979771565,-0.05636026327158051,-0.45321840673805114,-0.30746785242725816,0.7770074640825544,1.262951538401762,-0.3321485447162935,-0.07200548591262876,-0.7562457528305305,-0.5847771110397104
-1.102890056575271,-1.2168491916947248,-0.9293181188336156,-0.8079573721177288,-0.4562439060420904,-0.08366944598610641,-0.561586491928987,-1.1430694977450635,0.7055078870145267,0.2469765544845017,-0.3970426131121905
0.27598301106221484,0.12390518549922787,-1.1860704292930377,-0.24037502751024437,0.6702033570416406,-0.17930021377151317,0.2898645888920292,-0.2897474491331072,-0.6551405156079939,-0.3431542145243409,0.4477626275616524
-0.7007187451810049,0.8501471398126188,-1.3914722776605752,-0.24037502751024437,-0.30746785242725816,-0.37056174934232666,-0.7440402949620619,0.08126213721993523,1.0942645734781045,-0.9332849835331836,-1.0541133558585118
-0.06873525584715741,-0.7699310659634073,0.5598452818310324,-0.7370095790417932,-0.6262736816018989,-0.5618232849131403,-0.5311775247568079,-0.2897474491331072,-0.3311766102216806,0.483028862088039,-0.5847771110397104
1.0228725893658523,-0.5464720030977487,0.6625462060148014,0.0434161447934977,0.09635286452728704,-0.2749309815569199,0.1682287202033126,0.8444818577175838,-0.5903477345307295,-0.10710190692080361,-0.3970426131121905
-0.2985474337867381,-0.1554186430828458,-0.9293181188336156,-0.24037502751024437,0.5851884692617366,-0.5618232849131403,-0.1358609515184789,0.18726487617793053,-0.8495188588397814,-0.22512806072257227,-0.8663788579309919
-1.102890056575271,0.23563471693205673,-1.2887713534768064,-0.5241661998139866,-0.4349901840971144,-1.1356078916255807,-1.0785389338560325,0.1342635066989329,0.9646790113235786,0.1289504006827337,-0.8663788579309919
-0.011282211362261343,-1.4961730202767982,0.76524713019857,-0.38227061366211557,-0.15869179881242562,-0.46619251712773346,-0.5919954591011661,0.3462689846149235,-0.6551405156079939,0.8371073234933449,-0.9602461068947519
-1.3901552789997473,-1.887226380291701,-0.31311257373100265,-0.5951139928899222,-0.9025720668865879,3.9328228010009774,2.692172995494182,-1.768485657597283,0.057580076241897156,-1.2873634449384892,-0.8663788579309919
-0.5283596117263187,0.9618766712454476,-1.3914722776605752,-0.45321840673805114,-0.24370668659232994,-0.46619251712773346,-0.3791326888959121,0.5582744625309729,1.288642916709892,-0.5792065221278776,-0.9602461068947519
-0.3560004782716331,-1.4403082545603836,2.100359144587565,0.6819462824769175,5.749842901890919,-1.039977123840174,-1.1089479010282117,0.24026624565692817,-0.3959693912989421,2.489473476718105,-0.49090986207595044
-0.12618830033205244,1.9115776884244975,-1.3914722776605752,-0.24037502751024437,-0.0736769110325213,-0.5618232849131403,-0.47035959041244957,-0.09894251900868033,-0.3959693912989421,-0.9332849835331836,-0.5847771110397104
0.27598301106221484,-0.8816605973962368,1.0733499027498765,-0.31132282058617994,0.20262147425216745,2.2114689808636556,2.996262667215974,0.39927035409398,-1.7566177939214629,2.194408092213683,-1.0541133558585118
0.44834214451689997,-1.3844434888439687,0.9706489785661079,4.584074901653372,0.5639347473167605,-1.2312386594109874,-1.139356868200391,1.1995910332268798,-0.8495188588397814,-0.3431542145243409,0.4477626275616524
-0.2985474337867381,-0.37887770594850445,-0.05636026327158051,-0.45321840673805114,0.011337976747383023,0.6813766962971477,0.19863768737549173,0.7172785709679659,0.7703006680917912,0.483028862088039,-1.1479806048222734
-0.41345352275652864,0.8780795226708262,-0.21041164954723374,-0.16942723443430907,0.5001735814818322,0.3944843929409274,1.1413156697130453,-0.18374471017511187,-0.6551405156079939,-0.2841411376234566,-1.0541133558585118
1.4824969452450147,-0.7699310659634073,1.021999440657992,-0.5241661998139866,0.6489496350966646,-0.9443463560547672,-0.9873120323394952,0.7702799404469636,-0.07200548591262876,0.5420419389889234,-0.5847771110397104
1.1377786783356436,-1.4403082545603836,-0.15906118745534942,-0.31132282058617994,-0.328721574372234,-0.08366944598610641,-0.4095416560680913,-0.6077556660070931,-0.5903477345307295,0.010924246880965043,2.2312403578730984
-1.3327022345148523,0.6266880769469598,-1.1347199672011534,-0.45321840673805114,-0.4562439060420904,-0.657454052698547,-0.8960851308229577,-0.9469644306727604,1.3534356977871564,0.7190811696915763,0.16616088067037088
-0.41345352275652864,-1.3285787231275543,1.124700364841761,0.1143639378694333,0.09635286452728704,0.8726382318679612,0.41150045758074577,0.18726487617793053,-0.007212704835364363,-0.2841411376234566,-0.30317536414843055
-0.8730778786356905,0.5708233112305452,-1.0320190430173843,-0.31132282058617994,0.0325916986923591,-0.46619251712773346,-0.07504301717412061,-0.7667597744441449,1.029471792400843,-0.6382195990287619,-0.021573617257149028
-0.7007187451810049,1.1574033512528992,-0.5698648841904247,-0.45321840673805114,0.26638264008709567,-0.08366944598610641,0.9284528995077913,-0.07774197121705773,-0.2663838291444162,-0.10710190692080361,-1.0541133558585118
2.114480434578862,-0.1554186430828458,1.638204985760605,-0.8079573721177288,-0.30746785242725816,0.6813766962971477,-0.1358609515184789,0.6642772014889682,-2.5341311668486184,0.1289504006827337,0.07229363170661092
-0.9879839676054811,0.6266880769469598,0.2003920471878415,2.526588902451241,-0.09493063297749738,-0.8487155882693604,0.07700181868677514,0.2296659717611169,0.25195841947368747,0.1289504006827337,-0.11544086622090897
0.046170833122633696,-1.2168491916947248,0.0976911230040726,0.39815511017317534,2.2642325029148456,-0.17930021377151317,-0.6224044262733454,-0.734958952756711,-0.5903477345307295,0.7190811696915763,1.4803023661630152
-0.8156248341507949,-0.9375253631126514,-0.10771072536346497,-0.09847944135837348,0.22387519619714352,-1.039977123840174,-0.9264940979951368,-0.18374471017511187,0.6407151059372652,-0.3431542145243409,-0.30317536414843055
-0.7007187451810049,-0.32301294023209004,-1.3914722776605752,-0.24037502751024437,-0.4349901840971144,-0.8487155882693604,-0.9873120323394952,-0.83566155476683,0.5759223248600008,-0.4611803683261096,0.4477626275616524
0.16107692209242377,-1.1051196602618953,0.6625462060148014,0.0434161447934977,-0.09493063297749738,0.011961321799300349,0.654772194958179,0.5688747364267842,-0.07200548591262876,-1.0513111373349522,-0.9602461068947519
-0.8156248341507949,1.1853357341111066,-1.237420891384922,-0.16942723443430907,-0.7112885693818031,-0.8487155882693604,-0.9264940979951368,-0.8833627872979515,0.8998862302463171,-0.16611498382168793,1.0109661213442138
0.9079665003960623,0.06804041978281314,0.9192985164742234,-0.16942723443430907,-0.34997529631721036,0.011961321799300349,-0.19667888586283722,1.2472922657580012,0.5111295437827393,-0.22512806072257227,-0.9602461068947519
0.44834214451689997,-1.552037785993213,0.3544434334634949,-0.38227061366211557,-0.34997529631721036,2.785253587576096,0.6243632277859998,0.4999729561040402,0.8350934491690527,1.1911857848986502,-0.2093081151846706
-0.3560004782716331,0.012175654066398402,-1.0833695051092689,-0.5951139928899222,-0.2862141304822818,-0.657454052698547,-0.22708785303501636,-0.316248133872606,0.25195841947368747,-1.0513111373349522,-0.5847771110397104
1.9995743456090722,-1.1051196602618953,1.124700364841761,0.6109984894009818,0.11760658647226313,3.6459304976447573,1.0196798010243289,1.8303073300270343,-0.07200548591262876,0.6010550158898077,0.26002812963413086
-0.5858126562112143,-0.9933901288290662,-0.15906118745534942,-0.38227061366211557,-0.4349901840971144,1.1595305352241814,0.04659285151459599,-0.5229534748407204,0.7703006680917912,-0.6972326759296462,-0.3970426131121905
-0.06873525584715741,-1.1051196602618953,0.25174250927972597,0.18531173094536857,-0.4349901840971144,-1.1356078916255807,-1.0481299666838535,-1.0688675804744432,-0.07200548591262876,0.6010550158898077,2.2312403578730984
0.27598301106221484,-0.4347424716649192,0.8165975922904545,-0.8079573721177288,-0.24370668659232994,-0.37056174934232666,-0.774449262134241,-0.6554568985382145,-0.6551405156079939,0.5420419389889234,-0.2093081151846706
-0.7007187451810049,0.3473642483648862,-1.2887713534768064,-0.16942723443430907,-0.11618435492247375,0.7770074640825544,1.445405341434837,0.36746953240654606,1.5478140410189438,-0.7562457528305305,-0.6786443600034721
0.16107692209242377,1.1015385855364845,-0.15906118745534942,2.8813278678309184,0.6276959131516887,1.4464228385804017,2.6617640283220028,2.4663237637751236,0.057580076241897156,2.4304603998172203,-1.0541133558585118
-0.06873525584715741,-0.6023367688141634,1.124700364841761,0.0434161447934977,-0.0736769110325213,1.5420536063658086,0.25945562171985004,1.0882881573210084,0.18716563839642308,0.5420419389889234,-1.6173168496410748
-0.4709065672414237,0.5708233112305452,-0.005009801179696045,-0.38227061366211557,-0.09493063297749738,0.1075920895847071,1.3541784399182994,-0.3109479969246709,-0.3311766102216806,-0.4611803683261096,-0.5847771110397104
0.5632482334866911,-0.1554186430828458,0.4571443576472635,-0.5241661998139866,-0.0736769110325213,-0.9443463560547672,-0.8960851308229577,0.15546405449055548,-0.2663838291444162,0.660068092790692,0.35389537859789244
-0.5858126562112143,0.3473642483648862,-0.05636026327158051,-0.38227061366211557,-0.15869179881242562,0.1075920895847071,1.7494950131566285,-0.480552379257534,-0.2015910480671547,-0.8152588297314148,-0.49090986207595044
-0.011282211362261343,0.710485225521582,-0.7752667325579624,-0.16942723443430907,-0.09493063297749738,-0.08366944598610641,2.023175717706241,-0.07774197121705773,-0.9143116399170458,0.010924246880965043,-0.5847771110397104
-0.06873525584715741,-1.3844434888439687,1.6895554478524895,0.32720731709723977,0.35139752786699974,-0.5618232849131403,-0.7440402949620619,0.8126810360301499,0.5111295437827393,0.1289504006827337,0.16616088067037088
-0.8730778786356905,0.7942823740962041,-1.3914722776605752,-0.45321840673805114,-0.15869179881242562,0.5857459285117409,-0.22708785303501636,0.1395636436468091,0.5759223248600008,0.483028862088039,-0.6786443600034721
0.6781543224564811,-0.37887770594850445,1.124700364841761,2.668484488603112,-0.4987513499320426,-1.039977123840174,-0.8960851308229577,1.0882881573210084,-0.6551405156079939,0.42401578518715466,0.5416298765254124
1.597403034214805,-0.9933901288290662,1.0733499027498765,0.39815511017317534,0.05384542063733489,-1.039977123840174,-0.774449262134241,0.982285418363013,-0.9143116399170458,-0.7562457528305305,0.07229363170661092
1.3675908562752237,-0.7140663002469926,0.508494819739148,-0.45321840673805114,-0.13743807686744955,0.1075920895847071,-0.5311775247568079,-0.0035400539464963197,-1.2382755453033591,-0.04808883001991929,0.7293643744529322
-0.2985474337867381,1.6322538598424239,0.0976911230040726,1.2495286270844015,-0.09493063297749738,0.49011516072633415,0.5331363262694624,-0.17314443627930057,-0.9791044209943073,-0.7562457528305305,-0.9602461068947519
0.046170833122633696,0.5987556940887525,0.4571443576472635,-0.38227061366211557,0.0325916986923591,-0.08366944598610641,0.25945562171985004,0.3727696693544223,-0.007212704835364363,-0.520193445226994,-0.021573617257149028
-0.5858126562112143,-0.09955387736643106,-0.4671639600066559,-0.31132282058617994,-0.37122901826218613,-0.37056174934232666,-0.561586491928987,0.49467281915616396,1.3534356977871564,0.42401578518715466,-0.8663788579309919
0.44834214451689997,1.436727179834973,-1.3914722776605752,0.0434161447934977,0.11760658647226313,-0.46619251712773346,-0.561586491928987,1.406296374194994,0.316751200550949,1.1911857848986502,-0.9602461068947519
1.884668256639281,-1.6637673174260423,1.535504061576836,-0.5241661998139866,-0.2862141304822818,-1.2312386594109874,-1.16976583537257,0.7172785709679659,-1.1086899831488333,0.2469765544845017,-0.49090986207595044
-0.9879839676054811,1.6043214769842165,-1.2887713534768064,0.1143639378694333,-0.328721574372234,0.1075920895847071,-0.3791326888959121,-0.6607570354860908,1.742192384250734,1.3682250156013032,1.7619041130542967
-1.5625144124544335,0.487026162655923,-1.3914722776605752,-0.6660617859658576,0.0325916986923591,0.011961321799300349,0.38109149040856666,-1.2967734692341801,1.742192384250734,-0.8152588297314148,-0.49090986207595044
0.9079665003960623,0.06804041978281314,0.9192985164742234,-0.16942723443430907,-0.34997529631721036,0.011961321799300349,-0.19667888586283722,1.2472922657580012,0.5111295437827393,-0.22512806072257227,-0.9602461068947519
-0.7007187451810049,1.2412004998275215,-1.340121815568691,-0.24037502751024437,-0.605019959656923,-0.46619251712773346,-0.8656761636507785,-2.293199215439442,0.5111295437827393,-1.5234157525420262,2.2312403578730984
2.6315578349429196,-0.9933901288290662,1.124700364841761,2.3137455232234343,-0.4562439060420904,-1.039977123840174,-0.34872372172373295,2.4663237637751236,-0.7199332966852555,0.010924246880965043,1.4803023661630152
0.3334360555471099,-0.2671481745156753,1.3301022132092988,1.036685247856595,0.28763636203207177,-1.2312386594109874,-1.1089479010282117,-0.4699521053617227,-0.6551405156079939,-0.4021672914252252,1.5741696151267752
0.9079665003960623,0.06804041978281314,0.9192985164742234,-0.16942723443430907,-0.34997529631721036,0.011961321799300349,-0.19667888586283722,1.2472922657580012,0.5111295437827393,-0.22512806072257227,-0.9602461068947519
0.3334360555471099,0.5987556940887525,0.508494819739148,-0.5951139928899222,3.7307393171181937,-1.039977123840174,0.4723183919251041,0.18726487617793053,-2.015788918230515,2.5484865536189893,-1.0541133558585118
-0.4709065672414237,1.2691328826857287,-1.3914722776605752,-0.45321840673805114,-0.0736769110325213,-0.9443463560547672,-1.0481299666838535,-0.014140327842248775,0.18716563839642308,-0.9922980604340679,-0.6786443600034721
-0.06873525584715741,-1.1051196602618953,0.6111957439229169,-0.027531648282437888,-0.2862141304822818,1.2551613030095883,0.04659285151459599,-0.7773600483398974,0.057580076241897156,1.3092119387004189,1.8557713620180567
0.3334360555471099,0.45909377979771565,1.124700364841761,-0.38227061366211557,3.879515370733026,0.6813766962971477,1.9319488161897034,0.24026624565692817,-1.2382755453033591,2.135395015312799,-1.0541133558585118
-0.12618830033205244,1.9115776884244975,-1.3914722776605752,-0.24037502751024437,-0.0736769110325213,-0.5618232849131403,-0.47035959041244957,-0.09894251900868033,-0.3959693912989421,-0.9332849835331836,-0.5847771110397104
-0.06873525584715741,0.5987556940887525,-0.8779676567417312,-0.31132282058617994,-0.30746785242725816,0.8726382318679612,0.41150045758074577,-0.1943449840708643,-0.13679826698989028,0.5420419389889234,0.4477626275616524
2.057027390093967,0.9339442883872403,1.3301022132092988,0.6109984894009818,0.8614868545464254,-0.8487155882693604,-0.774449262134241,1.300293635236999,-0.9143116399170458,1.0731596310968816,1.6680368640905352
1.0803256338507474,-0.49060723738133394,1.5868545236687206,1.1076330409325303,0.09635286452728704,-0.46619251712773346,-0.6832223606177036,0.3727696693544223,-0.13679826698989028,1.9583557846101458,1.4803023661630152
-0.7581717896658999,0.1797699512156426,-0.5185144220985403,-0.5951139928899222,-0.4774976279870665,-0.08366944598610641,-0.6832223606177036,-0.8515619656105176,0.8350934491690527,0.1289504006827337,0.11922725618849174
-0.5283596117263187,0.5987556940887525,-0.8779676567417312,-0.09847944135837348,-0.15869179881242562,0.011961321799300349,-0.4095416560680913,0.32506843682335973,1.742192384250734,0.18796347758361737,0.35389537859789244
0.6207012779715861,-0.1554186430828458,0.3544434334634949,0.752894075552853,-0.11618435492247375,-1.039977123840174,-0.9873120323394952,1.0352867878420107,-0.13679826698989028,-0.8152588297314148,0.26002812963413086
0.21852996657731882,1.6322538598424239,-1.2887713534768064,-0.9498529582695998,-0.37122901826218613,1.9245766775074356,0.04659285151459599,-0.8197611439231425,-0.7199332966852555,-0.4611803683261096,-0.5847771110397104
-0.18364134481694747,0.6266880769469598,-0.2617621116391182,-0.09847944135837348,0.1388603084172392,-1.039977123840174,-0.4095416560680913,-0.3321485447162935,0.3815439816282134,-0.4611803683261096,0.5416298765254124
-0.24109438930184252,-0.9933901288290662,-0.31311257373100265,-0.45321840673805114,-0.30746785242725816,2.8808843553615033,1.68867707881227,-0.18374471017511187,-0.2663838291444162,-0.4611803683261096,-0.8663788579309919
-0.06873525584715741,-1.8313616145752862,0.8165975922904545,-0.027531648282437888,-0.24370668659232994,1.4464228385804017,0.13781975303113345,-0.014140327842248775,1.418228478864418,0.8961204003942292,-0.021573617257149028
-0.4709065672414237,-0.043689111650016335,0.76524713019857,-0.16942723443430907,-0.009915745197593352,-0.7530848204839538,-0.2574968202071955,0.24026624565692817,1.742192384250734,-0.2841411376234566,0.07229363170661092
-0.3560004782716331,0.906011905529033,-0.2617621116391182,-0.45321840673805114,-0.0736769110325213,0.20322285737011386,1.445405341434837,-0.3427488186121048,-0.007212704835364363,-1.0513111373349522,-0.8663788579309919
-1.2177961455450617,1.436727179834973,-1.3914722776605752,-0.31132282058617994,-0.5837662377119469,-0.9443463560547672,-1.0177209995116743,-0.056541423425493974,1.8069851653279956,-0.2841411376234566,-0.3970426131121905
-0.12618830033205244,1.1015385855364845,-0.2617621116391182,-0.24037502751024437,-0.328721574372234,-0.46619251712773346,-0.16626991869065808,-0.024740601738060072,0.316751200550949,-0.6382195990287619,-1.2418478537860334
-0.12618830033205244,0.1797699512156426,0.046340660912188414,-0.5951139928899222,5.96238012134068,0.011961321799300349,0.2898645888920292,0.028260767740937578,-1.3030683263806235,3.66973501473579,-1.0541133558585118
0.8505134559111673,3.978574019931841,0.3544434334634949,-0.38227061366211557,-0.1799455207574017,1.5420536063658086,3.1787164702490487,0.6642772014889682,-1.0438972020715718,-0.7562457528305305,-0.8663788579309919
-1.1603431010601668,0.8501471398126188,-1.340121815568691,0.8238418686287886,0.33014380592202364,1.5420536063658086,0.2290466545476709,-0.4699521053617227,1.288642916709892,0.010924246880965043,0.8232316234166939
1.1377786783356436,-0.1554186430828458,0.76524713019857,-0.38227061366211557,-0.3924827402071622,0.49011516072633415,0.13781975303113345,0.7702799404469636,-0.9791044209943073,0.36500270828627035,1.0109661213442138
-0.9879839676054811,0.45909377979771565,-1.340121815568691,-0.45321840673805114,-0.15869179881242562,-0.7530848204839538,-0.6528133934455245,0.37806980630235737,2.4549129761006254,0.42401578518715466,0.07229363170661092
-0.41345352275652864,-0.5464720030977487,0.0976911230040726,-0.31132282058617994,-0.264960408537306,0.2988536251555206,0.5939542606138207,0.2296659717611169,0.5759223248600008,-0.10710190692080361,-0.8663788579309919
-1.102890056575271,0.6266880769469598,-0.31311257373100265,-0.5241661998139866,-0.13743807686744955,-0.17930021377151317,-0.47035959041244957,0.075962000272059,1.8069851653279956,0.010924246880965043,-0.5847771110397104
-0.06873525584715741,-1.0492548945454807,0.508494819739148,-0.45321840673805114,-0.647527403546875,2.593992052005283,0.8372259979912539,-1.4133764820879868,-0.525554953453468,0.8961204003942292,1.4803023661630152
-0.8156248341507949,0.12390518549922787,-0.6212153462823091,-0.24037502751024437,-0.24370668659232994,0.2988536251555206,-0.19667888586283722,-0.3427488186121048,0.6407151059372652,-0.4021672914252252,-0.30317536414843055
-0.011282211362261343,0.487026162655923,-0.2617621116391182,0.0434161447934977,-0.009915745197593352,-0.9443463560547672,-0.8352671964785994,0.7702799404469636,-0.3311766102216806,-0.2841411376234566,-1.0541133558585118
-0.9879839676054811,1.9674424541409123,-1.1860704292930377,-0.24037502751024437,-0.4562439060420904,-0.37056174934232666,-0.8048582293064203,-0.20494525796667562,1.418228478864418,-0.5792065221278776,-0.49090986207595044
-0.8730778786356905,0.6825528426633746,-1.2887713534768064,-0.31132282058617994,-0.20119924270237777,-0.7530848204839538,-0.9569030651673159,-0.9363641567769492,0.25195841947368747,-0.22512806072257227,-0.021573617257149028
-0.4709065672414237,0.5708233112305452,-0.005009801179696045,-0.38227061366211557,-0.09493063297749738,0.1075920895847071,1.3541784399182994,-0.3109479969246709,-0.3311766102216806,-0.4611803683261096,-0.5847771110397104
-1.6199674569393285,-0.21128340879926055,-1.237420891384922,-0.5241661998139866,-0.9238257888315639,1.1595305352241814,1.2325425712295828,-3.1518214009992747,1.2238501356326303,0.955133477295113,3.357647345438221
-0.06873525584715741,-0.09955387736643106,-0.15906118745534942,-0.38227061366211557,-0.1799455207574017,0.011961321799300349,1.2021336040574038,0.4734722713645414,0.18716563839642308,-0.10710190692080361,-0.8663788579309919
-0.6432657006961093,0.23563471693205673,-1.1347199672011534,-0.16942723443430907,-0.13743807686744955,0.011961321799300349,-0.31831475455155384,-0.5865551182155293,0.4463367627054749,-0.3431542145243409,-0.11544086622090897
-0.3560004782716331,2.4143605798722296,-0.36446303582288697,-0.38227061366211557,-0.8600646229966357,-0.08366944598610641,0.41150045758074577,-0.6607570354860908,0.316751200550949,-1.2873634449384892,0.4477626275616524
-0.5283596117263187,1.1853357341111066,-1.0320190430173843,-0.5951139928899222,-0.03116946714256943,-0.08366944598610641,0.04659285151459599,-0.9151636089853266,-1.2382755453033591,-1.0513111373349522,-0.3970426131121905
-0.2985474337867381,1.9115776884244975,-0.05636026327158051,0.8947896617047238,0.4151586937019279,1.4464228385804017,0.6243632277859998,-0.03534087563387137,-0.3311766102216806,-1.1693372911367206,-1.1479806048222734
0.27598301106221484,-0.6582015345305782,1.8949572962200274,-0.24037502751024437,0.11760658647226313,-0.657454052698547,-0.1358609515184789,0.982285418363013,1.4830212599416823,0.010924246880965043,0.07229363170661092
-0.8156248341507949,0.4311613969395083,-0.7752667325579624,5.790187383944274,-0.30746785242725816,2.3070997486490628,1.1109067025408663,1.3532950047159966,0.8998862302463171,-0.8152588297314148,-0.9602461068947519
2.5166517459731286,0.40322901408130096,1.124700364841761,0.18531173094536857,-0.264960408537306,-1.039977123840174,-0.8352671964785994,1.406296374194994,-1.1086899831488333,-0.520193445226994,0.9170988723804538
-0.24109438930184252,-1.9430911460081157,0.6625462060148014,-0.24037502751024437,-0.8175571791066835,2.115838213078249,0.6243632277859998,-0.39575018809110246,0.12237285731916156,1.6042773232048406,0.8232316234166939
0.10362387760752874,-0.8816605973962368,-0.36446303582288697,0.18531173094536857,0.05384542063733489,0.20322285737011386,0.3506825232363875,0.6642772014889682,0.18716563839642308,0.2469765544845017,-0.772511608967232
0.16107692209242377,0.12390518549922787,-0.9293181188336156,0.5400506963250462,-0.4137364621521383,-0.7530848204839538,-0.8960851308229577,0.31976829987542466,-0.525554953453468,-1.2873634449384892,-0.3970426131121905
0.3334360555471099,-0.7140663002469926,0.25174250927972597,2.1718499370715634,-0.009915745197593352,-0.5618232849131403,0.016183884342416837,1.2472922657580012,0.4463367627054749,0.660068092790692,0.07229363170661092
0.16107692209242377,-0.043689111650016335,0.5598452818310324,-0.7370095790417932,0.18136775230719138,-1.039977123840174,-0.8656761636507785,-0.04594114952968267,-0.7199332966852555,-0.8152588297314148,-0.9602461068947519
-0.6432657006961093,-1.552037785993213,0.508494819739148,-0.027531648282437888,-0.5200050718770187,-0.46619251712773346,-0.16626991869065808,-1.249072236703059,1.3534356977871564,0.8371073234933449,1.8557713620180567
-0.7581717896658999,-1.6637673174260423,0.6625462060148014,-0.6660617859658576,-0.5200050718770187,0.49011516072633415,0.6243632277859998,-0.8197611439231425,1.2238501356326303,-0.16611498382168793,0.6354971254891724
-0.6432657006961093,-1.0492548945454807,0.25174250927972597,-0.027531648282437888,0.05384542063733489,2.593992052005283,2.023175717706241,-0.07774197121705773,0.057580076241897156,0.7780942465924606,0.6354971254891724
-1.7348735459091191,-0.32301294023209004,-0.8266171946498468,-0.24037502751024437,-0.8388109010516596,0.011961321799300349,1.2933605055739412,-2.611207432313428,1.4830212599416823,1.3092119387004189,2.9821783495831795
0.39088910003200494,-0.7140663002469926,0.8165975922904545,-0.09847944135837348,-0.4137364621521383,1.2551613030095883,-0.014225082829762314,-1.2967734692341801,-0.7199332966852555,-0.3431542145243409,1.6680368640905352
1.712309123184596,-0.9375253631126514,1.9976582204037963,-0.09847944135837348,0.755218244821545,-1.2312386594109874,-1.16976583537257,-0.17314443627930057,-0.7199332966852555,-0.7562457528305305,1.3864351171992553
0.10362387760752874,-1.1609844259783102,0.76524713019857,-0.16942723443430907,-0.264960408537306,-0.37056174934232666,-0.8352671964785994,-1.2755729214425577,-1.1086899831488333,0.30598963138538604,1.2925678682354953
1.884668256639281,-0.6023367688141634,1.3301022132092988,0.5400506963250462,0.3726512498119758,1.6376843741512153,1.5670412101235536,2.2543182858590156,-0.7199332966852555,1.7223034770066086,-1.1479806048222734
-0.8730778786356905,1.6043214769842165,-1.3914722776605752,-0.9498529582695998,3.815754204898098,0.011961321799300349,-0.5311775247568079,-1.0794678543702545,0.057580076241897156,-0.8742719066322993,-0.5847771110397104
0.8505134559111673,-0.4347424716649192,0.5598452818310324,-0.027531648282437888,-0.13743807686744955,1.733315141936622,0.5939542606138207,0.2720670673443621,-1.0438972020715718,-0.4611803683261096,-0.5847771110397104
0.046170833122633696,-0.9375253631126514,0.25174250927972597,-0.24037502751024437,-0.13743807686744955,1.5420536063658086,0.9892708338521496,-0.18374471017511187,-0.07200548591262876,0.36500270828627035,0.5416298765254124
1.5399499897299098,-1.2727139574111397,1.5868545236687206,-0.31132282058617994,-0.7112885693818031,-0.8487155882693604,-0.8352671964785994,0.6642772014889682,-0.007212704835364363,1.3092119387004189,0.07229363170661092
-1.102890056575271,0.5708233112305452,-0.31311257373100265,-0.6660617859658576,-0.15869179881242562,-0.37056174934232666,-0.4399506232402704,0.075962000272059,1.742192384250734,0.010924246880965043,-0.5847771110397104
0.9079665003960623,0.3473642483648862,-1.0320190430173843,0.6109984894009818,0.30889008397704754,1.5420536063658086,0.7459990964747164,1.8038066452875943,-0.007212704835364363,0.30598963138538604,-0.5847771110397104
-0.06873525584715741,-1.1609844259783102,0.76524713019857,-0.16942723443430907,0.22387519619714352,-1.2312386594109874,-1.139356868200391,-0.8939630611937628,-0.2663838291444162,-0.6382195990287619,1.7619041130542967
-0.5283596117263187,0.5987556940887525,-0.8779676567417312,-0.09847944135837348,-0.15869179881242562,0.011961321799300349,-0.4095416560680913,0.32506843682335973,1.742192384250734,0.18796347758361737,0.35389537859789244
-1.2752491900299572,0.3473642483648862,-1.340121815568691,-0.31132282058617994,-0.6687811254918511,-1.039977123840174,-1.0177209995116743,-1.0741677174223194,1.3534356977871564,-0.5792065221278776,0.9170988723804538
-0.5283596117263187,0.40322901408130096,-0.05636026327158051,-0.31132282058617994,-0.09493063297749738,0.1075920895847071,1.3541784399182994,-0.3109479969246709,-0.13679826698989028,-0.5792065221278776,-0.5847771110397104
-0.5283596117263187,0.9618766712454476,-1.3914722776605752,-0.45321840673805114,-0.24370668659232994,-0.46619251712773346,-0.3791326888959121,0.5582744625309729,1.288642916709892,-0.5792065221278776,-0.9602461068947519
1.1952317228205385,-0.043689111650016335,0.9192985164742234,-0.38227061366211557,-0.15869179881242562,-0.9443463560547672,-1.0177209995116743,0.526473640843539,-0.5903477345307295,0.6010550158898077,0.9170988723804538
-0.18364134481694747,-1.552037785993213,0.8165975922904545,-0.5951139928899222,-0.4349901840971144,0.5857459285117409,0.10741078585895429,-1.1377693607971284,0.4463367627054749,-0.3431542145243409,1.3864351171992553
-0.18364134481694747,0.40322901408130096,-0.9806685809254999,0.0434161447934977,-0.6687811254918511,-1.2312386594109874,-1.2001748025447492,-2.059993189731829,-0.5903477345307295,-1.7004549832446791,2.418974855800618
-0.6432657006961093,0.2914994826484715,-1.237420891384922,-0.16942723443430907,-0.22245296464735387,-0.8487155882693604,-0.561586491928987,-0.5653545704239067,0.25195841947368747,-0.8152588297314148,-0.3970426131121905
-1.7923265903940142,-0.21128340879926055,-0.05636026327158051,-0.16942723443430907,0.05384542063733489,0.6813766962971477,0.8372259979912539,-0.7667597744441449,2.584498538255151,-0.22512806072257227,1.6680368640905352
-0.06873525584715741,0.5987556940887525,-0.8779676567417312,-0.31132282058617994,-0.30746785242725816,0.8726382318679612,0.41150045758074577,-0.1943449840708643,-0.13679826698989028,0.5420419389889234,0.4477626275616524
-0.9879839676054811,-0.1554186430828458,-1.3914722776605752,-0.5241661998139866,-0.5412587938219947,0.49011516072633415,-0.561586491928987,-1.710184151170409,0.8350934491690527,-0.6382195990287619,1.7619041130542967
-0.8730778786356905,-0.9375253631126514,0.25174250927972597,-0.5241661998139866,-0.4349901840971144,-1.1356078916255807,-1.16976583537257,-2.091794011419204,0.316751200550949,-0.6382195990287619,2.2312403578730984
-0.5858126562112143,-0.9095929802544441,1.124700364841761,-0.027531648282437888,0.011337976747383023,2.2114689808636556,1.8103129475009867,-0.07774197121705773,0.316751200550949,0.7190811696915763,0.5416298765254124
0.27598301106221484,0.45909377979771565,-0.41581349791477146,1.036685247856595,0.1388603084172392,1.350792070794995,0.6851811621303582,0.5953754211662831,-0.5903477345307295,-0.9332849835331836,-0.3970426131121905
2.4591987014882335,-0.6582015345305782,1.3814526753011833,0.18531173094536857,0.33014380592202364,0.2988536251555206,-0.16626991869065808,1.4009962372471179,-0.6551405156079939,0.6010550158898077,0.8232316234166939
-0.41345352275652864,0.12390518549922787,-0.31311257373100265,-0.24037502751024437,-0.34997529631721036,-0.8487155882693604,-0.561586491928987,-0.18374471017511187,-0.2015910480671547,-0.6382195990287619,-0.6786443600034721
-1.1603431010601668,0.12390518549922787,-0.6212153462823091,-0.5241661998139866,-0.22245296464735387,0.968268999653368,-0.34872372172373295,-1.9115893551905883,0.057580076241897156,0.955133477295113,1.1048333703079738
1.0803256338507474,-0.7140663002469926,0.6625462060148014,-0.027531648282437888,-0.4137364621521383,2.4027305164344694,0.2290466545476709,0.42047090188554376,0.4463367627054749,1.1911857848986502,0.07229363170661092
0.44834214451689997,1.297065265543936,2.100359144587565,-0.5951139928899222,6.9400513308095775,0.20322285737011386,0.5331363262694624,-0.12014306680030291,-2.6637167290031445,3.964800399240212,-1.2418478537860334
